x:image,x2:spectrogram,y:label;nofire;fire,x3:temperature,x4:humidity
./fire/train/fire_0459.jpg,./fire/train/0480.png,1,35,15
./nofire/train/nofire_0021.jpg,./nofire/train/0023.png,0,29,53
./fire/train/fire_0210.jpg,./fire/train/0228.png,1,42,19
./nofire/train/nofire_0689.jpg,./nofire/train/0703.png,0,29,67
./nofire/train/nofire_0680.jpg,./nofire/train/0692.png,0,22,61
./fire/train/fire_0881.jpg,./fire/train/0885.png,1,36,20
./fire/train/fire_0812.jpg,./fire/train/0817.png,1,42,38
./fire/train/fire_0108.jpg,./fire/train/0125.png,1,46,29
./fire/train/fire_0162.jpg,./fire/train/0177.png,1,44,28
./nofire/train/nofire_0457.jpg,./nofire/train/0469.png,0,24,64
./nofire/train/nofire_0209.jpg,./nofire/train/0224.png,0,27,70
./nofire/train/nofire_0916.jpg,./nofire/train/0919.png,0,21,62
./nofire/train/nofire_0339.jpg,./nofire/train/0351.png,0,22,70
./fire/train/fire_0055.jpg,./fire/train/0061.png,1,44,16
./fire/train/fire_0491.jpg,./fire/train/0512.png,1,39,13
./fire/train/fire_0631.jpg,./fire/train/0631.png,1,35,25
./nofire/train/nofire_0268.jpg,./nofire/train/0286.png,0,26,65
./nofire/train/nofire_0384.jpg,./nofire/train/0397.png,0,23,60
./nofire/train/nofire_0460.jpg,./nofire/train/0472.png,0,26,67
./nofire/train/nofire_0524.jpg,./nofire/train/0541.png,0,27,53
./fire/train/fire_0767.jpg,./fire/train/0771.png,1,47,38
./nofire/train/nofire_0927.jpg,./nofire/train/0928.png,0,29,60
./nofire/train/nofire_0377.jpg,./nofire/train/0389.png,0,26,50
./fire/train/fire_0513.jpg,./fire/train/0534.png,1,45,27
./nofire/train/nofire_0236.jpg,./nofire/train/0253.png,0,20,63
./nofire/train/nofire_0881.jpg,./nofire/train/0885.png,0,24,63
./fire/train/fire_0685.jpg,./fire/train/0687.png,1,39,28
./fire/train/fire_0416.jpg,./fire/train/0441.png,1,36,33
./nofire/train/nofire_0325.jpg,./nofire/train/0338.png,0,24,65
./nofire/train/nofire_0505.jpg,./nofire/train/0521.png,0,20,64
./fire/train/fire_0930.jpg,./fire/train/0929.png,1,38,40
./fire/train/fire_0833.jpg,./fire/train/0841.png,1,45,26
./nofire/train/nofire_0108.jpg,./nofire/train/0119.png,0,27,59
./nofire/train/nofire_0159.jpg,./nofire/train/0172.png,0,20,60
./nofire/train/nofire_0650.jpg,./nofire/train/0665.png,0,26,52
./fire/train/fire_0144.jpg,./fire/train/0161.png,1,39,36
./nofire/train/nofire_0698.jpg,./nofire/train/0711.png,0,26,67
./nofire/train/nofire_0435.jpg,./nofire/train/0447.png,0,23,61
./fire/train/fire_0147.jpg,./fire/train/0163.png,1,35,23
./fire/train/fire_0547.jpg,./fire/train/0562.png,1,46,26
./fire/train/fire_0218.jpg,./fire/train/0237.png,1,35,11
./fire/train/fire_0908.jpg,./fire/train/0908.png,1,36,21
./fire/train/fire_0009.jpg,./fire/train/0010.png,1,46,29
./nofire/train/nofire_0570.jpg,./nofire/train/0582.png,0,24,52
./nofire/train/nofire_0723.jpg,./nofire/train/0738.png,0,20,68
./nofire/train/nofire_0533.jpg,./nofire/train/0549.png,0,29,64
./nofire/train/nofire_0704.jpg,./nofire/train/0716.png,0,25,69
./nofire/train/nofire_0637.jpg,./nofire/train/0652.png,0,22,51
./nofire/train/nofire_0171.jpg,./nofire/train/0182.png,0,20,69
./fire/train/fire_0051.jpg,./fire/train/0054.png,1,48,10
./nofire/train/nofire_0138.jpg,./nofire/train/0151.png,0,26,56
./nofire/train/nofire_0507.jpg,./nofire/train/0523.png,0,21,66
./fire/train/fire_0695.jpg,./fire/train/0697.png,1,38,16
./fire/train/fire_0912.jpg,./fire/train/0911.png,1,45,38
./nofire/train/nofire_0537.jpg,./nofire/train/0552.png,0,26,70
./nofire/train/nofire_0475.jpg,./nofire/train/0488.png,0,22,68
./nofire/train/nofire_0558.jpg,./nofire/train/0570.png,0,27,63
./fire/train/fire_0759.jpg,./fire/train/0760.png,1,44,15
./nofire/train/nofire_0694.jpg,./nofire/train/0707.png,0,28,53
./nofire/train/nofire_0003.jpg,./nofire/train/0002.png,0,29,50
./fire/train/fire_0688.jpg,./fire/train/0689.png,1,40,39
./fire/train/fire_0597.jpg,./fire/train/0603.png,1,46,22
./fire/train/fire_0120.jpg,./fire/train/0137.png,1,47,36
./fire/train/fire_0623.jpg,./fire/train/0623.png,1,49,26
./nofire/train/nofire_0600.jpg,./nofire/train/0614.png,0,28,52
./nofire/train/nofire_0260.jpg,./nofire/train/0275.png,0,23,65
./fire/train/fire_0947.jpg,./fire/train/0945.png,1,37,21
./fire/train/fire_0486.jpg,./fire/train/0503.png,1,43,26
./nofire/train/nofire_0722.jpg,./nofire/train/0737.png,0,28,62
./fire/train/fire_0025.jpg,./fire/train/0030.png,1,35,20
./fire/train/fire_0888.jpg,./fire/train/0890.png,1,49,21
./fire/train/fire_0641.jpg,./fire/train/0641.png,1,46,30
./nofire/train/nofire_0055.jpg,./nofire/train/0062.png,0,20,62
./fire/train/fire_0747.jpg,./fire/train/0746.png,1,49,20
./nofire/train/nofire_0360.jpg,./nofire/train/0370.png,0,20,50
./nofire/train/nofire_0337.jpg,./nofire/train/0349.png,0,26,65
./fire/train/fire_0058.jpg,./fire/train/0065.png,1,43,23
./fire/train/fire_0476.jpg,./fire/train/0496.png,1,46,36
./fire/train/fire_0347.jpg,./fire/train/0365.png,1,40,33
./fire/train/fire_0722.jpg,./fire/train/0721.png,1,49,26
./nofire/train/nofire_0078.jpg,./nofire/train/0084.png,0,26,67
./fire/train/fire_0721.jpg,./fire/train/0720.png,1,48,33
./fire/train/fire_0937.jpg,./fire/train/0935.png,1,40,22
./fire/train/fire_0777.jpg,./fire/train/0782.png,1,47,15
./nofire/train/nofire_0284.jpg,./nofire/train/0301.png,0,25,59
./fire/train/fire_0694.jpg,./fire/train/0696.png,1,46,39
./nofire/train/nofire_0675.jpg,./nofire/train/0686.png,0,24,55
./nofire/train/nofire_0424.jpg,./nofire/train/0436.png,0,20,69
./nofire/train/nofire_0173.jpg,./nofire/train/0185.png,0,27,53
./fire/train/fire_0514.jpg,./fire/train/0535.png,1,47,16
./nofire/train/nofire_0419.jpg,./nofire/train/0432.png,0,26,59
./nofire/train/nofire_0095.jpg,./nofire/train/0104.png,0,20,70
./nofire/train/nofire_0633.jpg,./nofire/train/0649.png,0,21,69
./nofire/train/nofire_0134.jpg,./nofire/train/0147.png,0,29,69
./nofire/train/nofire_0030.jpg,./nofire/train/0032.png,0,30,70
./nofire/train/nofire_0907.jpg,./nofire/train/0910.png,0,23,58
./fire/train/fire_0318.jpg,./fire/train/0332.png,1,37,21
./nofire/train/nofire_0737.jpg,./nofire/train/0751.png,0,29,51
./fire/train/fire_0364.jpg,./fire/train/0386.png,1,43,30
./nofire/train/nofire_0634.jpg,./nofire/train/0650.png,0,20,55
./nofire/train/nofire_0745.jpg,./nofire/train/0757.png,0,27,64
./fire/train/fire_0385.jpg,./fire/train/0407.png,1,40,30
./nofire/train/nofire_0401.jpg,./nofire/train/0413.png,0,23,66
./fire/train/fire_0886.jpg,./fire/train/0888.png,1,35,21
./fire/train/fire_0673.jpg,./fire/train/0674.png,1,40,35
./nofire/train/nofire_0444.jpg,./nofire/train/0455.png,0,22,70
./fire/train/fire_0811.jpg,./fire/train/0816.png,1,45,35
./nofire/train/nofire_0857.jpg,./nofire/train/0862.png,0,26,64
./fire/train/fire_0439.jpg,./fire/train/0463.png,1,47,23
./nofire/train/nofire_0356.jpg,./nofire/train/0367.png,0,24,67
./nofire/train/nofire_0353.jpg,./nofire/train/0364.png,0,27,57
./nofire/train/nofire_0676.jpg,./nofire/train/0687.png,0,27,53
./fire/train/fire_0926.jpg,./fire/train/0926.png,1,50,22
./fire/train/fire_0840.jpg,./fire/train/0846.png,1,39,30
./nofire/train/nofire_0063.jpg,./nofire/train/0069.png,0,21,67
./fire/train/fire_0766.jpg,./fire/train/0770.png,1,48,26
./fire/train/fire_0328.jpg,./fire/train/0346.png,1,45,34
./fire/train/fire_0705.jpg,./fire/train/0708.png,1,35,13
./nofire/train/nofire_0404.jpg,./nofire/train/0416.png,0,24,52
./fire/train/fire_0044.jpg,./fire/train/0048.png,1,44,11
./nofire/train/nofire_0666.jpg,./nofire/train/0678.png,0,22,59
./nofire/train/nofire_0939.jpg,./nofire/train/0938.png,0,24,59
./fire/train/fire_0405.jpg,./fire/train/0428.png,1,50,31
./fire/train/fire_0219.jpg,./fire/train/0239.png,1,45,39
./fire/train/fire_0499.jpg,./fire/train/0519.png,1,43,13
./nofire/train/nofire_0937.jpg,./nofire/train/0936.png,0,26,68
./fire/train/fire_0846.jpg,./fire/train/0851.png,1,41,14
./nofire/train/nofire_0062.jpg,./nofire/train/0068.png,0,27,69
./nofire/train/nofire_0442.jpg,./nofire/train/0454.png,0,20,58
./nofire/train/nofire_0253.jpg,./nofire/train/0270.png,0,25,68
./nofire/train/nofire_0681.jpg,./nofire/train/0693.png,0,28,54
./fire/train/fire_0745.jpg,./fire/train/0744.png,1,49,15
./nofire/train/nofire_0515.jpg,./nofire/train/0532.png,0,28,61
./fire/train/fire_0671.jpg,./fire/train/0672.png,1,42,26
./nofire/train/nofire_0902.jpg,./nofire/train/0906.png,0,26,69
./nofire/train/nofire_0274.jpg,./nofire/train/0293.png,0,20,50
./nofire/train/nofire_0224.jpg,./nofire/train/0240.png,0,22,64
./fire/train/fire_0714.jpg,./fire/train/0714.png,1,48,19
./fire/train/fire_0877.jpg,./fire/train/0880.png,1,37,21
./fire/train/fire_0595.jpg,./fire/train/0601.png,1,47,38
./nofire/train/nofire_0803.jpg,./nofire/train/0815.png,0,27,67
./nofire/train/nofire_0849.jpg,./nofire/train/0855.png,0,23,56
./fire/train/fire_0815.jpg,./fire/train/0821.png,1,36,11
./nofire/train/nofire_0165.jpg,./nofire/train/0177.png,0,25,64
./nofire/train/nofire_0643.jpg,./nofire/train/0658.png,0,30,68
./fire/train/fire_0783.jpg,./fire/train/0787.png,1,50,15
./fire/train/fire_0506.jpg,./fire/train/0526.png,1,46,12
./nofire/train/nofire_0944.jpg,./nofire/train/0943.png,0,23,57
./nofire/train/nofire_0071.jpg,./nofire/train/0078.png,0,28,57
./nofire/train/nofire_0609.jpg,./nofire/train/0623.png,0,21,60
./nofire/train/nofire_0768.jpg,./nofire/train/0778.png,0,30,61
./nofire/train/nofire_0330.jpg,./nofire/train/0343.png,0,26,51
./nofire/train/nofire_0266.jpg,./nofire/train/0285.png,0,21,53
./nofire/train/nofire_0888.jpg,./nofire/train/0890.png,0,30,55
./fire/train/fire_0546.jpg,./fire/train/0561.png,1,48,32
./fire/train/fire_0233.jpg,./fire/train/0251.png,1,36,31
./nofire/train/nofire_0472.jpg,./nofire/train/0485.png,0,28,62
./nofire/train/nofire_0319.jpg,./nofire/train/0332.png,0,22,58
./fire/train/fire_0094.jpg,./fire/train/0111.png,1,50,32
./fire/train/fire_0083.jpg,./fire/train/0099.png,1,38,31
./fire/train/fire_0900.jpg,./fire/train/0900.png,1,50,13
./fire/train/fire_0372.jpg,./fire/train/0392.png,1,44,22
./fire/train/fire_0294.jpg,./fire/train/0306.png,1,46,19
./fire/train/fire_0693.jpg,./fire/train/0695.png,1,40,25
./fire/train/fire_0606.jpg,./fire/train/0611.png,1,48,25
./fire/train/fire_0741.jpg,./fire/train/0740.png,1,49,17
./nofire/train/nofire_0307.jpg,./nofire/train/0320.png,0,29,51
./fire/train/fire_0880.jpg,./fire/train/0884.png,1,46,34
./nofire/train/nofire_0645.jpg,./nofire/train/0661.png,0,30,60
./fire/train/fire_0249.jpg,./fire/train/0266.png,1,37,13
./nofire/train/nofire_0164.jpg,./nofire/train/0176.png,0,29,57
./nofire/train/nofire_0889.jpg,./nofire/train/0892.png,0,30,57
./nofire/train/nofire_0532.jpg,./nofire/train/0547.png,0,28,50
./fire/train/fire_0089.jpg,./fire/train/0107.png,1,44,10
./fire/train/fire_0519.jpg,./fire/train/0541.png,1,38,16
./nofire/train/nofire_0182.jpg,./nofire/train/0196.png,0,22,50
./fire/train/fire_0494.jpg,./fire/train/0515.png,1,40,16
./nofire/train/nofire_0371.jpg,./nofire/train/0382.png,0,20,53
./fire/train/fire_0603.jpg,./fire/train/0609.png,1,46,17
./fire/train/fire_0241.jpg,./fire/train/0257.png,1,38,12
./nofire/train/nofire_0534.jpg,./nofire/train/0550.png,0,24,65
./nofire/train/nofire_0875.jpg,./nofire/train/0879.png,0,30,55
./fire/train/fire_0166.jpg,./fire/train/0181.png,1,44,22
./nofire/train/nofire_0592.jpg,./nofire/train/0606.png,0,26,50
./fire/train/fire_0805.jpg,./fire/train/0812.png,1,43,18
./fire/train/fire_0287.jpg,./fire/train/0299.png,1,50,29
./nofire/train/nofire_0320.jpg,./nofire/train/0333.png,0,24,59
./nofire/train/nofire_0755.jpg,./nofire/train/0766.png,0,23,67
./fire/train/fire_0262.jpg,./fire/train/0277.png,1,49,13
./nofire/train/nofire_0470.jpg,./nofire/train/0484.png,0,23,64
./fire/train/fire_0464.jpg,./fire/train/0484.png,1,35,24
./nofire/train/nofire_0639.jpg,./nofire/train/0654.png,0,23,60
./fire/train/fire_0700.jpg,./fire/train/0701.png,1,40,12
./fire/train/fire_0543.jpg,./fire/train/0559.png,1,40,17
./fire/train/fire_0689.jpg,./fire/train/0690.png,1,47,35
./nofire/train/nofire_0116.jpg,./nofire/train/0128.png,0,22,64
./nofire/train/nofire_0568.jpg,./nofire/train/0580.png,0,21,50
./fire/train/fire_0134.jpg,./fire/train/0153.png,1,47,28
./nofire/train/nofire_0818.jpg,./nofire/train/0827.png,0,21,52
./nofire/train/nofire_0578.jpg,./nofire/train/0589.png,0,30,61
./nofire/train/nofire_0750.jpg,./nofire/train/0762.png,0,20,59
./fire/train/fire_0855.jpg,./fire/train/0859.png,1,43,31
./nofire/train/nofire_0554.jpg,./nofire/train/0568.png,0,24,51
./fire/train/fire_0284.jpg,./fire/train/0296.png,1,44,15
./nofire/train/nofire_0763.jpg,./nofire/train/0773.png,0,20,57
./nofire/train/nofire_0367.jpg,./nofire/train/0379.png,0,25,51
./nofire/train/nofire_0673.jpg,./nofire/train/0685.png,0,25,55
./nofire/train/nofire_0297.jpg,./nofire/train/0313.png,0,26,58
./fire/train/fire_0520.jpg,./fire/train/0542.png,1,39,33
./fire/train/fire_0879.jpg,./fire/train/0883.png,1,44,36
./nofire/train/nofire_0188.jpg,./nofire/train/0204.png,0,22,54
./nofire/train/nofire_0945.jpg,./nofire/train/0945.png,0,24,63
./nofire/train/nofire_0520.jpg,./nofire/train/0538.png,0,27,53
./fire/train/fire_0773.jpg,./fire/train/0777.png,1,38,35
./nofire/train/nofire_0106.jpg,./nofire/train/0116.png,0,27,70
./fire/train/fire_0101.jpg,./fire/train/0117.png,1,43,39
./fire/train/fire_0332.jpg,./fire/train/0350.png,1,36,13
./nofire/train/nofire_0946.jpg,./nofire/train/0946.png,0,27,57
./nofire/train/nofire_0779.jpg,./nofire/train/0786.png,0,27,56
./fire/train/fire_0240.jpg,./fire/train/0256.png,1,41,20
./nofire/train/nofire_0656.jpg,./nofire/train/0670.png,0,24,61
./fire/train/fire_0843.jpg,./fire/train/0848.png,1,40,11
./fire/train/fire_0266.jpg,./fire/train/0282.png,1,39,18
./fire/train/fire_0366.jpg,./fire/train/0388.png,1,42,16
./fire/train/fire_0940.jpg,./fire/train/0938.png,1,38,12
./nofire/train/nofire_0700.jpg,./nofire/train/0713.png,0,22,69
./fire/train/fire_0635.jpg,./fire/train/0635.png,1,36,16
./fire/train/fire_0327.jpg,./fire/train/0345.png,1,39,24
./nofire/train/nofire_0917.jpg,./nofire/train/0920.png,0,29,54
./nofire/train/nofire_0154.jpg,./nofire/train/0167.png,0,20,55
./nofire/train/nofire_0223.jpg,./nofire/train/0239.png,0,27,59
./nofire/train/nofire_0324.jpg,./nofire/train/0337.png,0,23,63
./nofire/train/nofire_0392.jpg,./nofire/train/0405.png,0,23,57
./fire/train/fire_0334.jpg,./fire/train/0352.png,1,37,40
./nofire/train/nofire_0156.jpg,./nofire/train/0170.png,0,25,58
./fire/train/fire_0399.jpg,./fire/train/0418.png,1,37,39
./nofire/train/nofire_0941.jpg,./nofire/train/0941.png,0,30,52
./nofire/train/nofire_0089.jpg,./nofire/train/0095.png,0,29,61
./nofire/train/nofire_0135.jpg,./nofire/train/0148.png,0,23,61
./fire/train/fire_0832.jpg,./fire/train/0840.png,1,48,11
./fire/train/fire_0725.jpg,./fire/train/0724.png,1,42,14
./nofire/train/nofire_0282.jpg,./nofire/train/0299.png,0,25,69
./fire/train/fire_0062.jpg,./fire/train/0069.png,1,39,19
./nofire/train/nofire_0073.jpg,./nofire/train/0080.png,0,28,55
./fire/train/fire_0388.jpg,./fire/train/0410.png,1,42,23
./fire/train/fire_0168.jpg,./fire/train/0184.png,1,44,34
./fire/train/fire_0237.jpg,./fire/train/0254.png,1,35,30
./nofire/train/nofire_0157.jpg,./nofire/train/0171.png,0,28,55
./fire/train/fire_0201.jpg,./fire/train/0215.png,1,48,26
./fire/train/fire_0861.jpg,./fire/train/0863.png,1,39,32
./nofire/train/nofire_0033.jpg,./nofire/train/0036.png,0,30,70
./fire/train/fire_0365.jpg,./fire/train/0387.png,1,47,14
./nofire/train/nofire_0909.jpg,./nofire/train/0912.png,0,21,55
./nofire/train/nofire_0529.jpg,./nofire/train/0545.png,0,22,66
./nofire/train/nofire_0017.jpg,./nofire/train/0017.png,0,23,62
./nofire/train/nofire_0166.jpg,./nofire/train/0178.png,0,29,56
./nofire/train/nofire_0572.jpg,./nofire/train/0583.png,0,29,59
./fire/train/fire_0507.jpg,./fire/train/0528.png,1,39,23
./fire/train/fire_0438.jpg,./fire/train/0462.png,1,37,35
./nofire/train/nofire_0610.jpg,./nofire/train/0624.png,0,26,53
./fire/train/fire_0288.jpg,./fire/train/0300.png,1,45,23
./fire/train/fire_0448.jpg,./fire/train/0471.png,1,48,12
./nofire/train/nofire_0143.jpg,./nofire/train/0157.png,0,23,53
./nofire/train/nofire_0362.jpg,./nofire/train/0372.png,0,29,62
./nofire/train/nofire_0208.jpg,./nofire/train/0223.png,0,20,66
./fire/train/fire_0298.jpg,./fire/train/0309.png,1,49,23
./fire/train/fire_0397.jpg,./fire/train/0417.png,1,39,35
./fire/train/fire_0713.jpg,./fire/train/0713.png,1,45,13
./nofire/train/nofire_0034.jpg,./nofire/train/0037.png,0,20,51
./fire/train/fire_0575.jpg,./fire/train/0584.png,1,43,20
./fire/train/fire_0126.jpg,./fire/train/0143.png,1,37,35
./nofire/train/nofire_0070.jpg,./nofire/train/0077.png,0,26,61
./nofire/train/nofire_0285.jpg,./nofire/train/0302.png,0,26,59
./fire/train/fire_0761.jpg,./fire/train/0761.png,1,36,23
./fire/train/fire_0626.jpg,./fire/train/0626.png,1,38,22
./nofire/train/nofire_0566.jpg,./nofire/train/0578.png,0,26,64
./fire/train/fire_0076.jpg,./fire/train/0088.png,1,45,13
./fire/train/fire_0295.jpg,./fire/train/0307.png,1,38,13
./nofire/train/nofire_0272.jpg,./nofire/train/0290.png,0,23,59
./nofire/train/nofire_0141.jpg,./nofire/train/0155.png,0,29,58
./nofire/train/nofire_0122.jpg,./nofire/train/0137.png,0,20,60
./fire/train/fire_0887.jpg,./fire/train/0889.png,1,37,18
./fire/train/fire_0161.jpg,./fire/train/0176.png,1,41,27
./fire/train/fire_0378.jpg,./fire/train/0400.png,1,47,23
./fire/train/fire_0425.jpg,./fire/train/0450.png,1,48,26
./nofire/train/nofire_0744.jpg,./nofire/train/0756.png,0,22,70
./nofire/train/nofire_0049.jpg,./nofire/train/0057.png,0,22,60
./nofire/train/nofire_0784.jpg,./nofire/train/0793.png,0,26,51
./nofire/train/nofire_0479.jpg,./nofire/train/0495.png,0,28,54
./nofire/train/nofire_0304.jpg,./nofire/train/0318.png,0,26,63
./fire/train/fire_0588.jpg,./fire/train/0594.png,1,37,34
./fire/train/fire_0235.jpg,./fire/train/0252.png,1,37,38
./fire/train/fire_0164.jpg,./fire/train/0179.png,1,45,20
./nofire/train/nofire_0383.jpg,./nofire/train/0396.png,0,29,64
./fire/train/fire_0255.jpg,./fire/train/0271.png,1,42,28
./nofire/train/nofire_0317.jpg,./nofire/train/0331.png,0,29,67
./nofire/train/nofire_0169.jpg,./nofire/train/0180.png,0,22,56
./fire/train/fire_0668.jpg,./fire/train/0670.png,1,38,29
./nofire/train/nofire_0190.jpg,./nofire/train/0206.png,0,29,63
./nofire/train/nofire_0183.jpg,./nofire/train/0197.png,0,21,60
./fire/train/fire_0331.jpg,./fire/train/0349.png,1,48,34
./nofire/train/nofire_0720.jpg,./nofire/train/0735.png,0,26,59
./nofire/train/nofire_0027.jpg,./nofire/train/0029.png,0,23,51
./nofire/train/nofire_0175.jpg,./nofire/train/0187.png,0,26,56
./nofire/train/nofire_0130.jpg,./nofire/train/0144.png,0,21,68
./fire/train/fire_0156.jpg,./fire/train/0171.png,1,35,26
./fire/train/fire_0594.jpg,./fire/train/0600.png,1,48,26
./nofire/train/nofire_0016.jpg,./nofire/train/0015.png,0,27,70
./nofire/train/nofire_0717.jpg,./nofire/train/0731.png,0,29,52
./nofire/train/nofire_0530.jpg,./nofire/train/0546.png,0,22,62
./nofire/train/nofire_0248.jpg,./nofire/train/0263.png,0,25,54
./fire/train/fire_0285.jpg,./fire/train/0297.png,1,47,21
./fire/train/fire_0765.jpg,./fire/train/0768.png,1,45,25
./fire/train/fire_0302.jpg,./fire/train/0313.png,1,49,12
./nofire/train/nofire_0247.jpg,./nofire/train/0262.png,0,27,50
./fire/train/fire_0831.jpg,./fire/train/0839.png,1,48,32
./fire/train/fire_0536.jpg,./fire/train/0554.png,1,43,12
./nofire/train/nofire_0289.jpg,./nofire/train/0307.png,0,20,52
./nofire/train/nofire_0276.jpg,./nofire/train/0294.png,0,30,51
./fire/train/fire_0580.jpg,./fire/train/0588.png,1,35,29
./fire/train/fire_0222.jpg,./fire/train/0242.png,1,39,25
./fire/train/fire_0306.jpg,./fire/train/0316.png,1,50,36
./nofire/train/nofire_0279.jpg,./nofire/train/0297.png,0,28,69
./fire/train/fire_0642.jpg,./fire/train/0643.png,1,44,29
./nofire/train/nofire_0142.jpg,./nofire/train/0156.png,0,21,53
./fire/train/fire_0030.jpg,./fire/train/0034.png,1,43,20
./fire/train/fire_0754.jpg,./fire/train/0754.png,1,49,18
./fire/train/fire_0675.jpg,./fire/train/0677.png,1,49,11
./fire/train/fire_0669.jpg,./fire/train/0671.png,1,43,16
./nofire/train/nofire_0185.jpg,./nofire/train/0198.png,0,29,50
./fire/train/fire_0556.jpg,./fire/train/0568.png,1,42,27
./nofire/train/nofire_0772.jpg,./nofire/train/0781.png,0,29,63
./fire/train/fire_0554.jpg,./fire/train/0566.png,1,49,28
./nofire/train/nofire_0207.jpg,./nofire/train/0222.png,0,21,70
./nofire/train/nofire_0342.jpg,./nofire/train/0353.png,0,28,51
./nofire/train/nofire_0293.jpg,./nofire/train/0310.png,0,25,50
./fire/train/fire_0488.jpg,./fire/train/0505.png,1,47,38
./fire/train/fire_0699.jpg,./fire/train/0700.png,1,41,37
./fire/train/fire_0362.jpg,./fire/train/0383.png,1,37,14
./fire/train/fire_0031.jpg,./fire/train/0035.png,1,45,25
./fire/train/fire_0535.jpg,./fire/train/0553.png,1,37,26
./nofire/train/nofire_0296.jpg,./nofire/train/0312.png,0,21,56
./fire/train/fire_0883.jpg,./fire/train/0886.png,1,44,24
./fire/train/fire_0574.jpg,./fire/train/0583.png,1,45,33
./fire/train/fire_0717.jpg,./fire/train/0717.png,1,43,22
./fire/train/fire_0629.jpg,./fire/train/0630.png,1,46,22
./nofire/train/nofire_0754.jpg,./nofire/train/0765.png,0,21,70
./fire/train/fire_0469.jpg,./fire/train/0490.png,1,39,37
./fire/train/fire_0498.jpg,./fire/train/0518.png,1,50,32
./nofire/train/nofire_0490.jpg,./nofire/train/0508.png,0,23,51
./fire/train/fire_0907.jpg,./fire/train/0907.png,1,39,39
./fire/train/fire_0496.jpg,./fire/train/0517.png,1,43,12
./nofire/train/nofire_0194.jpg,./nofire/train/0209.png,0,20,56
./fire/train/fire_0904.jpg,./fire/train/0904.png,1,43,28
./fire/train/fire_0690.jpg,./fire/train/0691.png,1,45,38
./nofire/train/nofire_0245.jpg,./nofire/train/0261.png,0,24,50
./fire/train/fire_0778.jpg,./fire/train/0783.png,1,36,14
./nofire/train/nofire_0715.jpg,./nofire/train/0726.png,0,23,67
./nofire/train/nofire_0748.jpg,./nofire/train/0760.png,0,29,51
./nofire/train/nofire_0458.jpg,./nofire/train/0470.png,0,28,62
./fire/train/fire_0382.jpg,./fire/train/0403.png,1,40,31
./nofire/train/nofire_0036.jpg,./nofire/train/0039.png,0,21,61
./nofire/train/nofire_0011.jpg,./nofire/train/0009.png,0,25,70
./fire/train/fire_0650.jpg,./fire/train/0652.png,1,47,14
./fire/train/fire_0868.jpg,./fire/train/0871.png,1,43,17
./nofire/train/nofire_0836.jpg,./nofire/train/0843.png,0,27,61
./fire/train/fire_0457.jpg,./fire/train/0478.png,1,38,27
./nofire/train/nofire_0341.jpg,./nofire/train/0352.png,0,22,66
./nofire/train/nofire_0826.jpg,./nofire/train/0834.png,0,26,69
./nofire/train/nofire_0497.jpg,./nofire/train/0513.png,0,25,66
./fire/train/fire_0214.jpg,./fire/train/0232.png,1,44,26
./nofire/train/nofire_0865.jpg,./nofire/train/0870.png,0,20,62
./fire/train/fire_0437.jpg,./fire/train/0461.png,1,41,28
./nofire/train/nofire_0092.jpg,./nofire/train/0099.png,0,26,70
./fire/train/fire_0075.jpg,./fire/train/0086.png,1,50,14
./fire/train/fire_0029.jpg,./fire/train/0033.png,1,38,13
./nofire/train/nofire_0496.jpg,./nofire/train/0512.png,0,30,50
./fire/train/fire_0798.jpg,./fire/train/0804.png,1,35,15
./fire/train/fire_0098.jpg,./fire/train/0114.png,1,38,17
./nofire/train/nofire_0046.jpg,./nofire/train/0052.png,0,20,66
./fire/train/fire_0301.jpg,./fire/train/0311.png,1,48,25
./fire/train/fire_0074.jpg,./fire/train/0085.png,1,36,34
./fire/train/fire_0406.jpg,./fire/train/0429.png,1,38,20
./nofire/train/nofire_0072.jpg,./nofire/train/0079.png,0,30,70
./nofire/train/nofire_0802.jpg,./nofire/train/0814.png,0,24,53
./fire/train/fire_0601.jpg,./fire/train/0607.png,1,41,19
./fire/train/fire_0269.jpg,./fire/train/0285.png,1,36,32
./fire/train/fire_0517.jpg,./fire/train/0538.png,1,49,28
./nofire/train/nofire_0198.jpg,./nofire/train/0212.png,0,29,54
./fire/train/fire_0817.jpg,./fire/train/0823.png,1,41,22
./nofire/train/nofire_0316.jpg,./nofire/train/0330.png,0,28,60
./fire/train/fire_0176.jpg,./fire/train/0190.png,1,43,40
./nofire/train/nofire_0303.jpg,./nofire/train/0317.png,0,22,55
./fire/train/fire_0319.jpg,./fire/train/0333.png,1,37,32
./nofire/train/nofire_0915.jpg,./nofire/train/0918.png,0,22,50
./nofire/train/nofire_0659.jpg,./nofire/train/0672.png,0,28,64
./nofire/train/nofire_0077.jpg,./nofire/train/0083.png,0,25,62
./nofire/train/nofire_0376.jpg,./nofire/train/0387.png,0,26,70
./nofire/train/nofire_0162.jpg,./nofire/train/0174.png,0,26,62
./fire/train/fire_0017.jpg,./fire/train/0019.png,1,47,35
./nofire/train/nofire_0794.jpg,./nofire/train/0805.png,0,29,64
./fire/train/fire_0598.jpg,./fire/train/0604.png,1,42,34
./fire/train/fire_0646.jpg,./fire/train/0647.png,1,38,17
./fire/train/fire_0082.jpg,./fire/train/0098.png,1,41,11
./nofire/train/nofire_0397.jpg,./nofire/train/0409.png,0,28,53
./nofire/train/nofire_0882.jpg,./nofire/train/0886.png,0,29,58
./fire/train/fire_0209.jpg,./fire/train/0227.png,1,49,20
./nofire/train/nofire_0622.jpg,./nofire/train/0639.png,0,22,60
./nofire/train/nofire_0838.jpg,./nofire/train/0846.png,0,25,65
./nofire/train/nofire_0176.jpg,./nofire/train/0188.png,0,27,65
./fire/train/fire_0730.jpg,./fire/train/0727.png,1,42,12
./fire/train/fire_0231.jpg,./fire/train/0249.png,1,44,25
./fire/train/fire_0480.jpg,./fire/train/0498.png,1,48,12
./nofire/train/nofire_0798.jpg,./nofire/train/0809.png,0,29,70
./nofire/train/nofire_0658.jpg,./nofire/train/0671.png,0,29,64
./nofire/train/nofire_0386.jpg,./nofire/train/0399.png,0,28,53
./fire/train/fire_0591.jpg,./fire/train/0596.png,1,36,37
./fire/train/fire_0814.jpg,./fire/train/0819.png,1,48,34
./fire/train/fire_0221.jpg,./fire/train/0241.png,1,49,35
./nofire/train/nofire_0834.jpg,./nofire/train/0839.png,0,25,63
./fire/train/fire_0260.jpg,./fire/train/0275.png,1,36,10
./fire/train/fire_0291.jpg,./fire/train/0302.png,1,50,23
./nofire/train/nofire_0795.jpg,./nofire/train/0806.png,0,22,70
./nofire/train/nofire_0111.jpg,./nofire/train/0122.png,0,30,50
./fire/train/fire_0774.jpg,./fire/train/0778.png,1,44,18
./nofire/train/nofire_0232.jpg,./nofire/train/0247.png,0,30,59
./fire/train/fire_0316.jpg,./fire/train/0330.png,1,36,39
./fire/train/fire_0427.jpg,./fire/train/0451.png,1,37,39
./fire/train/fire_0600.jpg,./fire/train/0605.png,1,43,14
./fire/train/fire_0645.jpg,./fire/train/0646.png,1,38,26
./nofire/train/nofire_0113.jpg,./nofire/train/0123.png,0,22,56
./nofire/train/nofire_0104.jpg,./nofire/train/0114.png,0,29,52
./fire/train/fire_0582.jpg,./fire/train/0590.png,1,48,10
./fire/train/fire_0828.jpg,./fire/train/0837.png,1,47,32
./nofire/train/nofire_0137.jpg,./nofire/train/0150.png,0,28,67
./fire/train/fire_0342.jpg,./fire/train/0361.png,1,38,37
./fire/train/fire_0755.jpg,./fire/train/0756.png,1,49,27
./fire/train/fire_0763.jpg,./fire/train/0764.png,1,48,34
./nofire/train/nofire_0445.jpg,./nofire/train/0456.png,0,30,64
./fire/train/fire_0911.jpg,./fire/train/0910.png,1,41,11
./fire/train/fire_0803.jpg,./fire/train/0811.png,1,38,32
./fire/train/fire_0587.jpg,./fire/train/0593.png,1,37,15
./nofire/train/nofire_0347.jpg,./nofire/train/0357.png,0,28,66
./fire/train/fire_0528.jpg,./fire/train/0547.png,1,36,22
./fire/train/fire_0518.jpg,./fire/train/0539.png,1,45,12
./fire/train/fire_0560.jpg,./fire/train/0571.png,1,37,21
./nofire/train/nofire_0942.jpg,./nofire/train/0942.png,0,25,59
./fire/train/fire_0230.jpg,./fire/train/0248.png,1,38,11
./nofire/train/nofire_0820.jpg,./nofire/train/0828.png,0,26,62
./fire/train/fire_0515.jpg,./fire/train/0536.png,1,46,22
./fire/train/fire_0142.jpg,./fire/train/0160.png,1,41,16
./nofire/train/nofire_0286.jpg,./nofire/train/0304.png,0,20,55
./nofire/train/nofire_0837.jpg,./nofire/train/0844.png,0,26,51
./fire/train/fire_0273.jpg,./fire/train/0288.png,1,44,25
./fire/train/fire_0244.jpg,./fire/train/0261.png,1,35,30
./nofire/train/nofire_0038.jpg,./nofire/train/0041.png,0,28,51
./nofire/train/nofire_0830.jpg,./nofire/train/0837.png,0,25,64
./fire/train/fire_0871.jpg,./fire/train/0875.png,1,47,14
./fire/train/fire_0125.jpg,./fire/train/0142.png,1,43,27
./nofire/train/nofire_0075.jpg,./nofire/train/0082.png,0,22,51
./fire/train/fire_0719.jpg,./fire/train/0719.png,1,36,23
./nofire/train/nofire_0583.jpg,./nofire/train/0593.png,0,26,68
./nofire/train/nofire_0594.jpg,./nofire/train/0607.png,0,20,59
./fire/train/fire_0343.jpg,./fire/train/0362.png,1,48,30
./nofire/train/nofire_0271.jpg,./nofire/train/0288.png,0,22,65
./fire/train/fire_0133.jpg,./fire/train/0150.png,1,38,28
./fire/train/fire_0356.jpg,./fire/train/0375.png,1,43,32
./nofire/train/nofire_0082.jpg,./nofire/train/0088.png,0,23,56
./nofire/train/nofire_0799.jpg,./nofire/train/0811.png,0,24,64
./fire/train/fire_0228.jpg,./fire/train/0247.png,1,35,16
./fire/train/fire_0191.jpg,./fire/train/0204.png,1,45,29
./fire/train/fire_0376.jpg,./fire/train/0396.png,1,35,21
./nofire/train/nofire_0815.jpg,./nofire/train/0825.png,0,27,69
./fire/train/fire_0667.jpg,./fire/train/0668.png,1,41,13
./fire/train/fire_0711.jpg,./fire/train/0712.png,1,42,28
./nofire/train/nofire_0423.jpg,./nofire/train/0435.png,0,20,57
./fire/train/fire_0079.jpg,./fire/train/0095.png,1,35,36
./nofire/train/nofire_0832.jpg,./nofire/train/0838.png,0,20,67
./nofire/train/nofire_0463.jpg,./nofire/train/0476.png,0,23,60
./fire/train/fire_0236.jpg,./fire/train/0253.png,1,45,27
./fire/train/fire_0320.jpg,./fire/train/0334.png,1,45,21
./fire/train/fire_0897.jpg,./fire/train/0897.png,1,37,33
./nofire/train/nofire_0364.jpg,./nofire/train/0376.png,0,25,54
./nofire/train/nofire_0434.jpg,./nofire/train/0446.png,0,24,51
./nofire/train/nofire_0105.jpg,./nofire/train/0115.png,0,28,53
./fire/train/fire_0333.jpg,./fire/train/0351.png,1,47,15
./nofire/train/nofire_0412.jpg,./nofire/train/0422.png,0,22,50
./fire/train/fire_0474.jpg,./fire/train/0495.png,1,40,32
./nofire/train/nofire_0452.jpg,./nofire/train/0465.png,0,28,69
./nofire/train/nofire_0262.jpg,./nofire/train/0281.png,0,28,70
./nofire/train/nofire_0291.jpg,./nofire/train/0309.png,0,20,51
./nofire/train/nofire_0086.jpg,./nofire/train/0092.png,0,22,58
./fire/train/fire_0167.jpg,./fire/train/0182.png,1,50,11
./nofire/train/nofire_0868.jpg,./nofire/train/0872.png,0,21,67
./fire/train/fire_0561.jpg,./fire/train/0572.png,1,48,39
./fire/train/fire_0159.jpg,./fire/train/0174.png,1,49,33
./fire/train/fire_0919.jpg,./fire/train/0919.png,1,41,28
./fire/train/fire_0533.jpg,./fire/train/0551.png,1,43,16
./fire/train/fire_0199.jpg,./fire/train/0213.png,1,48,15
./fire/train/fire_0651.jpg,./fire/train/0653.png,1,41,32
./fire/train/fire_0361.jpg,./fire/train/0382.png,1,40,10
./fire/train/fire_0263.jpg,./fire/train/0279.png,1,38,28
./nofire/train/nofire_0632.jpg,./nofire/train/0648.png,0,26,60
./nofire/train/nofire_0177.jpg,./nofire/train/0189.png,0,25,50
./nofire/train/nofire_0885.jpg,./nofire/train/0888.png,0,25,56
./fire/train/fire_0788.jpg,./fire/train/0791.png,1,43,31
./nofire/train/nofire_0807.jpg,./nofire/train/0818.png,0,23,59
./fire/train/fire_0154.jpg,./fire/train/0169.png,1,41,12
./fire/train/fire_0781.jpg,./fire/train/0785.png,1,35,14
./nofire/train/nofire_0940.jpg,./nofire/train/0939.png,0,27,61
./fire/train/fire_0768.jpg,./fire/train/0773.png,1,35,23
./fire/train/fire_0942.jpg,./fire/train/0939.png,1,36,21
./fire/train/fire_0795.jpg,./fire/train/0802.png,1,46,27
./nofire/train/nofire_0044.jpg,./nofire/train/0049.png,0,30,54
./fire/train/fire_0264.jpg,./fire/train/0280.png,1,44,39
./fire/train/fire_0611.jpg,./fire/train/0615.png,1,36,32
./nofire/train/nofire_0861.jpg,./nofire/train/0866.png,0,27,60
./nofire/train/nofire_0584.jpg,./nofire/train/0595.png,0,24,69
./nofire/train/nofire_0821.jpg,./nofire/train/0829.png,0,25,61
./nofire/train/nofire_0312.jpg,./nofire/train/0326.png,0,28,60
./fire/train/fire_0605.jpg,./fire/train/0610.png,1,48,10
./nofire/train/nofire_0683.jpg,./nofire/train/0696.png,0,22,67
./nofire/train/nofire_0895.jpg,./nofire/train/0898.png,0,20,65
./nofire/train/nofire_0473.jpg,./nofire/train/0486.png,0,28,63
./nofire/train/nofire_0556.jpg,./nofire/train/0569.png,0,27,51
./fire/train/fire_0573.jpg,./fire/train/0582.png,1,40,32
./fire/train/fire_0106.jpg,./fire/train/0123.png,1,42,16
./fire/train/fire_0848.jpg,./fire/train/0854.png,1,41,37
./fire/train/fire_0132.jpg,./fire/train/0149.png,1,39,25
./fire/train/fire_0562.jpg,./fire/train/0573.png,1,40,31
./nofire/train/nofire_0510.jpg,./nofire/train/0528.png,0,28,56
./nofire/train/nofire_0929.jpg,./nofire/train/0930.png,0,30,66
./nofire/train/nofire_0333.jpg,./nofire/train/0345.png,0,22,58
./fire/train/fire_0182.jpg,./fire/train/0195.png,1,44,10
./fire/train/fire_0415.jpg,./fire/train/0440.png,1,37,32
./nofire/train/nofire_0264.jpg,./nofire/train/0283.png,0,27,52
./fire/train/fire_0470.jpg,./fire/train/0492.png,1,42,32
./nofire/train/nofire_0369.jpg,./nofire/train/0381.png,0,25,61
./nofire/train/nofire_0080.jpg,./nofire/train/0087.png,0,27,59
./fire/train/fire_0859.jpg,./fire/train/0862.png,1,41,11
./nofire/train/nofire_0465.jpg,./nofire/train/0479.png,0,29,58
./fire/train/fire_0916.jpg,./fire/train/0916.png,1,44,32
./fire/train/fire_0357.jpg,./fire/train/0378.png,1,49,25
./nofire/train/nofire_0498.jpg,./nofire/train/0515.png,0,24,69
./fire/train/fire_0200.jpg,./fire/train/0214.png,1,49,37
./fire/train/fire_0584.jpg,./fire/train/0591.png,1,36,20
./fire/train/fire_0157.jpg,./fire/train/0172.png,1,37,25
./fire/train/fire_0410.jpg,./fire/train/0436.png,1,46,28
./nofire/train/nofire_0731.jpg,./nofire/train/0745.png,0,27,69
./nofire/train/nofire_0544.jpg,./nofire/train/0557.png,0,30,59
./nofire/train/nofire_0031.jpg,./nofire/train/0033.png,0,27,58
./nofire/train/nofire_0782.jpg,./nofire/train/0790.png,0,30,60
./fire/train/fire_0808.jpg,./fire/train/0814.png,1,41,23
./fire/train/fire_0173.jpg,./fire/train/0188.png,1,40,32
./nofire/train/nofire_0760.jpg,./nofire/train/0771.png,0,26,62
./fire/train/fire_0914.jpg,./fire/train/0913.png,1,43,34
./nofire/train/nofire_0066.jpg,./nofire/train/0073.png,0,21,62
./nofire/train/nofire_0456.jpg,./nofire/train/0468.png,0,29,54
./fire/train/fire_0531.jpg,./fire/train/0549.png,1,36,26
./nofire/train/nofire_0756.jpg,./nofire/train/0768.png,0,25,65
./fire/train/fire_0867.jpg,./fire/train/0869.png,1,36,35
./nofire/train/nofire_0924.jpg,./nofire/train/0925.png,0,21,56
./fire/train/fire_0088.jpg,./fire/train/0106.png,1,50,12
./nofire/train/nofire_0769.jpg,./nofire/train/0779.png,0,28,63
./nofire/train/nofire_0195.jpg,./nofire/train/0210.png,0,25,60
./nofire/train/nofire_0707.jpg,./nofire/train/0720.png,0,23,61
./nofire/train/nofire_0581.jpg,./nofire/train/0591.png,0,21,55
./fire/train/fire_0050.jpg,./fire/train/0053.png,1,36,26
./fire/train/fire_0850.jpg,./fire/train/0855.png,1,41,37
./fire/train/fire_0632.jpg,./fire/train/0632.png,1,49,21
./nofire/train/nofire_0189.jpg,./nofire/train/0205.png,0,25,50
./fire/train/fire_0067.jpg,./fire/train/0079.png,1,50,28
./nofire/train/nofire_0585.jpg,./nofire/train/0598.png,0,27,61
./nofire/train/nofire_0866.jpg,./nofire/train/0871.png,0,20,58
./nofire/train/nofire_0131.jpg,./nofire/train/0145.png,0,24,57
./fire/train/fire_0934.jpg,./fire/train/0933.png,1,41,30
./fire/train/fire_0113.jpg,./fire/train/0130.png,1,43,12
./nofire/train/nofire_0026.jpg,./nofire/train/0028.png,0,20,64
./fire/train/fire_0165.jpg,./fire/train/0180.png,1,47,17
./fire/train/fire_0736.jpg,./fire/train/0733.png,1,35,12
./nofire/train/nofire_0876.jpg,./nofire/train/0880.png,0,22,58
./nofire/train/nofire_0040.jpg,./nofire/train/0043.png,0,26,58
./nofire/train/nofire_0569.jpg,./nofire/train/0581.png,0,23,58
./fire/train/fire_0644.jpg,./fire/train/0645.png,1,43,10
./fire/train/fire_0135.jpg,./fire/train/0154.png,1,45,32
./fire/train/fire_0007.jpg,./fire/train/0008.png,1,48,32
./fire/train/fire_0087.jpg,./fire/train/0105.png,1,40,25
./fire/train/fire_0068.jpg,./fire/train/0080.png,1,50,23
./fire/train/fire_0806.jpg,./fire/train/0813.png,1,35,11
./fire/train/fire_0666.jpg,./fire/train/0667.png,1,43,34
./fire/train/fire_0889.jpg,./fire/train/0891.png,1,39,33
./fire/train/fire_0246.jpg,./fire/train/0264.png,1,45,38
./nofire/train/nofire_0913.jpg,./nofire/train/0916.png,0,27,56
./nofire/train/nofire_0922.jpg,./nofire/train/0923.png,0,29,67
./fire/train/fire_0462.jpg,./fire/train/0482.png,1,37,11
./fire/train/fire_0468.jpg,./fire/train/0489.png,1,35,20
./fire/train/fire_0509.jpg,./fire/train/0530.png,1,47,18
./nofire/train/nofire_0093.jpg,./nofire/train/0100.png,0,21,67
./nofire/train/nofire_0740.jpg,./nofire/train/0753.png,0,27,60
./fire/train/fire_0445.jpg,./fire/train/0469.png,1,35,14
./fire/train/fire_0377.jpg,./fire/train/0398.png,1,49,30
./fire/train/fire_0197.jpg,./fire/train/0212.png,1,37,32
./fire/train/fire_0274.jpg,./fire/train/0289.png,1,50,36
./fire/train/fire_0299.jpg,./fire/train/0310.png,1,42,18
./nofire/train/nofire_0898.jpg,./nofire/train/0903.png,0,22,58
./nofire/train/nofire_0199.jpg,./nofire/train/0213.png,0,28,66
./nofire/train/nofire_0390.jpg,./nofire/train/0403.png,0,28,61
./nofire/train/nofire_0015.jpg,./nofire/train/0012.png,0,25,60
./fire/train/fire_0019.jpg,./fire/train/0021.png,1,35,18
./nofire/train/nofire_0074.jpg,./nofire/train/0081.png,0,26,58
./fire/train/fire_0677.jpg,./fire/train/0679.png,1,48,30
./nofire/train/nofire_0310.jpg,./nofire/train/0323.png,0,25,51
./fire/train/fire_0330.jpg,./fire/train/0347.png,1,48,21
./fire/train/fire_0122.jpg,./fire/train/0140.png,1,43,37
./nofire/train/nofire_0628.jpg,./nofire/train/0645.png,0,29,62
./fire/train/fire_0931.jpg,./fire/train/0930.png,1,39,10
./nofire/train/nofire_0327.jpg,./nofire/train/0339.png,0,28,50
./nofire/train/nofire_0455.jpg,./nofire/train/0467.png,0,21,52
./nofire/train/nofire_0824.jpg,./nofire/train/0832.png,0,24,70
./fire/train/fire_0683.jpg,./fire/train/0685.png,1,37,37
./nofire/train/nofire_0052.jpg,./nofire/train/0059.png,0,27,67
./fire/train/fire_0066.jpg,./fire/train/0076.png,1,41,10
./fire/train/fire_0913.jpg,./fire/train/0912.png,1,35,35
./nofire/train/nofire_0450.jpg,./nofire/train/0461.png,0,23,69
./fire/train/fire_0065.jpg,./fire/train/0073.png,1,46,35
./fire/train/fire_0146.jpg,./fire/train/0162.png,1,49,37
./fire/train/fire_0586.jpg,./fire/train/0592.png,1,35,10
./nofire/train/nofire_0468.jpg,./nofire/train/0482.png,0,20,64
./nofire/train/nofire_0287.jpg,./nofire/train/0305.png,0,28,55
./fire/train/fire_0123.jpg,./fire/train/0141.png,1,46,38
./fire/train/fire_0949.jpg,./fire/train/0947.png,1,36,18
./nofire/train/nofire_0626.jpg,./nofire/train/0643.png,0,26,66
./fire/train/fire_0232.jpg,./fire/train/0250.png,1,37,31
./nofire/train/nofire_0618.jpg,./nofire/train/0635.png,0,29,69
./fire/train/fire_0552.jpg,./fire/train/0565.png,1,36,27
./nofire/train/nofire_0925.jpg,./nofire/train/0926.png,0,27,50
./fire/train/fire_0441.jpg,./fire/train/0465.png,1,46,25
./fire/train/fire_0202.jpg,./fire/train/0216.png,1,44,28
./fire/train/fire_0672.jpg,./fire/train/0673.png,1,50,16
./nofire/train/nofire_0430.jpg,./nofire/train/0443.png,0,27,62
./nofire/train/nofire_0620.jpg,./nofire/train/0637.png,0,23,60
./nofire/train/nofire_0486.jpg,./nofire/train/0503.png,0,22,57
./fire/train/fire_0370.jpg,./fire/train/0391.png,1,42,33
./nofire/train/nofire_0416.jpg,./nofire/train/0427.png,0,21,53
./nofire/train/nofire_0612.jpg,./nofire/train/0625.png,0,25,66
./nofire/train/nofire_0428.jpg,./nofire/train/0440.png,0,21,60
./nofire/train/nofire_0466.jpg,./nofire/train/0480.png,0,28,54
./fire/train/fire_0802.jpg,./fire/train/0809.png,1,36,26
./fire/train/fire_0152.jpg,./fire/train/0168.png,1,39,34
./fire/train/fire_0404.jpg,./fire/train/0425.png,1,47,16
./fire/train/fire_0863.jpg,./fire/train/0866.png,1,38,27
./nofire/train/nofire_0222.jpg,./nofire/train/0238.png,0,20,59
./nofire/train/nofire_0502.jpg,./nofire/train/0518.png,0,29,55
./nofire/train/nofire_0087.jpg,./nofire/train/0093.png,0,21,61
./fire/train/fire_0129.jpg,./fire/train/0146.png,1,50,36
./fire/train/fire_0317.jpg,./fire/train/0331.png,1,43,18
./fire/train/fire_0837.jpg,./fire/train/0844.png,1,49,14
./fire/train/fire_0896.jpg,./fire/train/0896.png,1,42,35
./nofire/train/nofire_0806.jpg,./nofire/train/0817.png,0,22,60
./nofire/train/nofire_0864.jpg,./nofire/train/0869.png,0,20,59
./fire/train/fire_0830.jpg,./fire/train/0838.png,1,48,23
./fire/train/fire_0708.jpg,./fire/train/0710.png,1,38,24
./nofire/train/nofire_0233.jpg,./nofire/train/0248.png,0,25,70
./fire/train/fire_0800.jpg,./fire/train/0805.png,1,45,28
./fire/train/fire_0895.jpg,./fire/train/0895.png,1,45,29
./nofire/train/nofire_0903.jpg,./nofire/train/0907.png,0,20,67
./nofire/train/nofire_0129.jpg,./nofire/train/0143.png,0,21,68
./nofire/train/nofire_0079.jpg,./nofire/train/0086.png,0,24,70
./nofire/train/nofire_0853.jpg,./nofire/train/0859.png,0,21,55
./fire/train/fire_0011.jpg,./fire/train/0013.png,1,41,14
./fire/train/fire_0751.jpg,./fire/train/0751.png,1,44,11
./fire/train/fire_0080.jpg,./fire/train/0096.png,1,39,28
./nofire/train/nofire_0469.jpg,./nofire/train/0483.png,0,24,60
./fire/train/fire_0615.jpg,./fire/train/0618.png,1,45,28
./fire/train/fire_0779.jpg,./fire/train/0784.png,1,50,16
./fire/train/fire_0103.jpg,./fire/train/0119.png,1,36,14
./fire/train/fire_0408.jpg,./fire/train/0433.png,1,39,30
./nofire/train/nofire_0506.jpg,./nofire/train/0522.png,0,28,67
./nofire/train/nofire_0227.jpg,./nofire/train/0242.png,0,23,54
./nofire/train/nofire_0933.jpg,./nofire/train/0933.png,0,22,55
./fire/train/fire_0077.jpg,./fire/train/0091.png,1,40,21
./fire/train/fire_0203.jpg,./fire/train/0218.png,1,45,39
./nofire/train/nofire_0804.jpg,./nofire/train/0816.png,0,22,54
./nofire/train/nofire_0706.jpg,./nofire/train/0719.png,0,28,65
./fire/train/fire_0148.jpg,./fire/train/0164.png,1,46,33
./fire/train/fire_0121.jpg,./fire/train/0139.png,1,42,35
./nofire/train/nofire_0395.jpg,./nofire/train/0407.png,0,24,63
./nofire/train/nofire_0118.jpg,./nofire/train/0130.png,0,23,54
./nofire/train/nofire_0561.jpg,./nofire/train/0573.png,0,25,56
./nofire/train/nofire_0091.jpg,./nofire/train/0096.png,0,27,61
./nofire/train/nofire_0638.jpg,./nofire/train/0653.png,0,25,59
./nofire/train/nofire_0919.jpg,./nofire/train/0921.png,0,24,64
./nofire/train/nofire_0229.jpg,./nofire/train/0244.png,0,24,65
./nofire/train/nofire_0654.jpg,./nofire/train/0668.png,0,26,55
./nofire/train/nofire_0335.jpg,./nofire/train/0348.png,0,25,70
./fire/train/fire_0660.jpg,./fire/train/0662.png,1,35,30
./fire/train/fire_0707.jpg,./fire/train/0709.png,1,45,34
./nofire/train/nofire_0598.jpg,./nofire/train/0612.png,0,27,66
./nofire/train/nofire_0107.jpg,./nofire/train/0118.png,0,28,65
./nofire/train/nofire_0085.jpg,./nofire/train/0090.png,0,27,50
./fire/train/fire_0568.jpg,./fire/train/0579.png,1,37,23
./fire/train/fire_0039.jpg,./fire/train/0043.png,1,42,15
./nofire/train/nofire_0061.jpg,./nofire/train/0067.png,0,30,61
./nofire/train/nofire_0644.jpg,./nofire/train/0659.png,0,20,50
./nofire/train/nofire_0067.jpg,./nofire/train/0074.png,0,28,54
./fire/train/fire_0613.jpg,./fire/train/0616.png,1,36,15
./fire/train/fire_0786.jpg,./fire/train/0789.png,1,44,23
./fire/train/fire_0540.jpg,./fire/train/0557.png,1,46,17
./fire/train/fire_0118.jpg,./fire/train/0135.png,1,35,11
./nofire/train/nofire_0602.jpg,./nofire/train/0617.png,0,25,64
./fire/train/fire_0524.jpg,./fire/train/0545.png,1,35,36
./fire/train/fire_0292.jpg,./fire/train/0303.png,1,38,30
./fire/train/fire_0483.jpg,./fire/train/0501.png,1,37,24
./fire/train/fire_0136.jpg,./fire/train/0155.png,1,48,35
./fire/train/fire_0283.jpg,./fire/train/0295.png,1,45,12
./nofire/train/nofire_0250.jpg,./nofire/train/0267.png,0,21,69
./nofire/train/nofire_0234.jpg,./nofire/train/0251.png,0,22,60
./fire/train/fire_0718.jpg,./fire/train/0718.png,1,49,17
./fire/train/fire_0322.jpg,./fire/train/0336.png,1,45,23
./nofire/train/nofire_0145.jpg,./nofire/train/0159.png,0,23,66
./nofire/train/nofire_0329.jpg,./nofire/train/0342.png,0,21,68
./fire/train/fire_0326.jpg,./fire/train/0341.png,1,39,11
./nofire/train/nofire_0525.jpg,./nofire/train/0542.png,0,28,64
./fire/train/fire_0282.jpg,./fire/train/0294.png,1,48,37
./fire/train/fire_0876.jpg,./fire/train/0879.png,1,35,25
./fire/train/fire_0555.jpg,./fire/train/0567.png,1,47,11
./fire/train/fire_0748.jpg,./fire/train/0747.png,1,40,18
./fire/train/fire_0682.jpg,./fire/train/0684.png,1,39,18
./nofire/train/nofire_0009.jpg,./nofire/train/0008.png,0,30,54
./nofire/train/nofire_0124.jpg,./nofire/train/0140.png,0,25,60
./fire/train/fire_0127.jpg,./fire/train/0144.png,1,50,16
./nofire/train/nofire_0025.jpg,./nofire/train/0027.png,0,29,58
./fire/train/fire_0508.jpg,./fire/train/0529.png,1,47,38
./fire/train/fire_0045.jpg,./fire/train/0049.png,1,37,28
./nofire/train/nofire_0822.jpg,./nofire/train/0830.png,0,30,59
./nofire/train/nofire_0504.jpg,./nofire/train/0520.png,0,25,59
./nofire/train/nofire_0523.jpg,./nofire/train/0540.png,0,30,57
./fire/train/fire_0503.jpg,./fire/train/0521.png,1,39,15
./fire/train/fire_0870.jpg,./fire/train/0874.png,1,39,15
./nofire/train/nofire_0687.jpg,./nofire/train/0700.png,0,23,63
./nofire/train/nofire_0068.jpg,./nofire/train/0075.png,0,22,53
./nofire/train/nofire_0099.jpg,./nofire/train/0108.png,0,27,51
./fire/train/fire_0521.jpg,./fire/train/0543.png,1,36,12
./fire/train/fire_0590.jpg,./fire/train/0595.png,1,47,35
./nofire/train/nofire_0567.jpg,./nofire/train/0579.png,0,27,61
./fire/train/fire_0627.jpg,./fire/train/0627.png,1,43,15
./nofire/train/nofire_0144.jpg,./nofire/train/0158.png,0,29,52
./fire/train/fire_0866.jpg,./fire/train/0868.png,1,49,40
./nofire/train/nofire_0258.jpg,./nofire/train/0274.png,0,20,60
./nofire/train/nofire_0288.jpg,./nofire/train/0306.png,0,29,50
./fire/train/fire_0216.jpg,./fire/train/0234.png,1,38,15
./fire/train/fire_0008.jpg,./fire/train/0009.png,1,47,23
./fire/train/fire_0187.jpg,./fire/train/0200.png,1,35,14
./nofire/train/nofire_0923.jpg,./nofire/train/0924.png,0,24,53
./nofire/train/nofire_0671.jpg,./nofire/train/0683.png,0,20,57
./fire/train/fire_0789.jpg,./fire/train/0792.png,1,46,30
./nofire/train/nofire_0759.jpg,./nofire/train/0770.png,0,21,66
./fire/train/fire_0847.jpg,./fire/train/0853.png,1,40,28
./fire/train/fire_0155.jpg,./fire/train/0170.png,1,50,37
./nofire/train/nofire_0835.jpg,./nofire/train/0840.png,0,25,56
./fire/train/fire_0296.jpg,./fire/train/0308.png,1,40,16
./nofire/train/nofire_0843.jpg,./nofire/train/0849.png,0,22,61
./fire/train/fire_0418.jpg,./fire/train/0442.png,1,43,30
./nofire/train/nofire_0870.jpg,./nofire/train/0874.png,0,28,67
./fire/train/fire_0073.jpg,./fire/train/0084.png,1,42,40
./nofire/train/nofire_0402.jpg,./nofire/train/0414.png,0,24,64
./fire/train/fire_0922.jpg,./fire/train/0922.png,1,35,26
./nofire/train/nofire_0539.jpg,./nofire/train/0553.png,0,23,70
./nofire/train/nofire_0660.jpg,./nofire/train/0673.png,0,21,66
./nofire/train/nofire_0494.jpg,./nofire/train/0511.png,0,24,59
./fire/train/fire_0003.jpg,./fire/train/0002.png,1,47,25
./fire/train/fire_0052.jpg,./fire/train/0056.png,1,49,12
./fire/train/fire_0901.jpg,./fire/train/0902.png,1,47,31
./fire/train/fire_0096.jpg,./fire/train/0113.png,1,42,37
./fire/train/fire_0242.jpg,./fire/train/0258.png,1,49,15
./nofire/train/nofire_0028.jpg,./nofire/train/0030.png,0,24,64
./nofire/train/nofire_0261.jpg,./nofire/train/0279.png,0,21,54
./nofire/train/nofire_0751.jpg,./nofire/train/0763.png,0,27,65
./nofire/train/nofire_0133.jpg,./nofire/train/0146.png,0,23,57
./fire/train/fire_0577.jpg,./fire/train/0585.png,1,41,33
./fire/train/fire_0150.jpg,./fire/train/0166.png,1,39,26
./nofire/train/nofire_0892.jpg,./nofire/train/0895.png,0,27,54
./fire/train/fire_0311.jpg,./fire/train/0321.png,1,41,12
./fire/train/fire_0658.jpg,./fire/train/0660.png,1,40,11
./fire/train/fire_0939.jpg,./fire/train/0937.png,1,42,32
./fire/train/fire_0245.jpg,./fire/train/0263.png,1,37,18
./nofire/train/nofire_0575.jpg,./nofire/train/0586.png,0,20,52
./nofire/train/nofire_0780.jpg,./nofire/train/0789.png,0,21,70
./fire/train/fire_0012.jpg,./fire/train/0015.png,1,48,34
./fire/train/fire_0117.jpg,./fire/train/0134.png,1,38,24
./fire/train/fire_0116.jpg,./fire/train/0133.png,1,49,19
./nofire/train/nofire_0685.jpg,./nofire/train/0699.png,0,20,70
./nofire/train/nofire_0004.jpg,./nofire/train/0004.png,0,28,69
./nofire/train/nofire_0573.jpg,./nofire/train/0585.png,0,21,63
./nofire/train/nofire_0904.jpg,./nofire/train/0908.png,0,22,54
./nofire/train/nofire_0721.jpg,./nofire/train/0736.png,0,28,57
./fire/train/fire_0204.jpg,./fire/train/0220.png,1,37,39
./fire/train/fire_0865.jpg,./fire/train/0867.png,1,38,26
./fire/train/fire_0473.jpg,./fire/train/0494.png,1,50,14
./nofire/train/nofire_0406.jpg,./nofire/train/0417.png,0,26,67
./nofire/train/nofire_0096.jpg,./nofire/train/0106.png,0,25,52
./fire/train/fire_0434.jpg,./fire/train/0459.png,1,48,14
./fire/train/fire_0592.jpg,./fire/train/0597.png,1,38,37
./nofire/train/nofire_0058.jpg,./nofire/train/0065.png,0,25,67
./fire/train/fire_0353.jpg,./fire/train/0370.png,1,41,16
./fire/train/fire_0943.jpg,./fire/train/0940.png,1,35,30
./nofire/train/nofire_0812.jpg,./nofire/train/0822.png,0,28,51
./nofire/train/nofire_0002.jpg,./nofire/train/0001.png,0,29,54
./fire/train/fire_0446.jpg,./fire/train/0470.png,1,44,13
./nofire/train/nofire_0811.jpg,./nofire/train/0821.png,0,27,57
./fire/train/fire_0225.jpg,./fire/train/0244.png,1,42,34
./fire/train/fire_0858.jpg,./fire/train/0861.png,1,37,25
./fire/train/fire_0481.jpg,./fire/train/0499.png,1,35,34
./fire/train/fire_0351.jpg,./fire/train/0369.png,1,50,35
./fire/train/fire_0022.jpg,./fire/train/0024.png,1,50,35
./fire/train/fire_0899.jpg,./fire/train/0899.png,1,47,38
./nofire/train/nofire_0385.jpg,./nofire/train/0398.png,0,30,65
./nofire/train/nofire_0439.jpg,./nofire/train/0451.png,0,21,67
./nofire/train/nofire_0484.jpg,./nofire/train/0500.png,0,28,50
./nofire/train/nofire_0543.jpg,./nofire/train/0556.png,0,26,64
./nofire/train/nofire_0705.jpg,./nofire/train/0717.png,0,24,55
./fire/train/fire_0010.jpg,./fire/train/0012.png,1,42,23
./nofire/train/nofire_0825.jpg,./nofire/train/0833.png,0,25,52
./fire/train/fire_0684.jpg,./fire/train/0686.png,1,35,32
./fire/train/fire_0034.jpg,./fire/train/0038.png,1,38,34
./nofire/train/nofire_0451.jpg,./nofire/train/0464.png,0,24,70
./nofire/train/nofire_0900.jpg,./nofire/train/0904.png,0,26,53
./fire/train/fire_0762.jpg,./fire/train/0762.png,1,45,32
./nofire/train/nofire_0493.jpg,./nofire/train/0510.png,0,28,50
./fire/train/fire_0006.jpg,./fire/train/0007.png,1,43,16
./fire/train/fire_0637.jpg,./fire/train/0637.png,1,43,20
./fire/train/fire_0304.jpg,./fire/train/0315.png,1,45,36
./fire/train/fire_0303.jpg,./fire/train/0314.png,1,46,36
./fire/train/fire_0489.jpg,./fire/train/0507.png,1,42,10
./nofire/train/nofire_0294.jpg,./nofire/train/0311.png,0,27,67
./fire/train/fire_0770.jpg,./fire/train/0774.png,1,38,17
./nofire/train/nofire_0816.jpg,./nofire/train/0826.png,0,30,65
./nofire/train/nofire_0064.jpg,./nofire/train/0070.png,0,29,60
./nofire/train/nofire_0793.jpg,./nofire/train/0802.png,0,20,54
./fire/train/fire_0312.jpg,./fire/train/0322.png,1,48,39
./nofire/train/nofire_0949.jpg,./nofire/train/0948.png,0,26,61
./nofire/train/nofire_0536.jpg,./nofire/train/0551.png,0,20,55
./fire/train/fire_0407.jpg,./fire/train/0430.png,1,35,14
./nofire/train/nofire_0770.jpg,./nofire/train/0780.png,0,25,63
./nofire/train/nofire_0323.jpg,./nofire/train/0335.png,0,25,69
./nofire/train/nofire_0710.jpg,./nofire/train/0722.png,0,27,63
./nofire/train/nofire_0352.jpg,./nofire/train/0362.png,0,28,60
./fire/train/fire_0821.jpg,./fire/train/0826.png,1,43,24
./fire/train/fire_0681.jpg,./fire/train/0683.png,1,50,27
./fire/train/fire_0852.jpg,./fire/train/0856.png,1,41,37
./nofire/train/nofire_0396.jpg,./nofire/train/0408.png,0,30,62
./fire/train/fire_0175.jpg,./fire/train/0189.png,1,48,22
./fire/train/fire_0349.jpg,./fire/train/0366.png,1,44,20
./nofire/train/nofire_0563.jpg,./nofire/train/0576.png,0,27,69
./nofire/train/nofire_0481.jpg,./nofire/train/0498.png,0,21,52
./nofire/train/nofire_0368.jpg,./nofire/train/0380.png,0,22,59
./fire/train/fire_0825.jpg,./fire/train/0832.png,1,47,36
./nofire/train/nofire_0024.jpg,./nofire/train/0026.png,0,23,70
./nofire/train/nofire_0453.jpg,./nofire/train/0466.png,0,26,59
./nofire/train/nofire_0640.jpg,./nofire/train/0655.png,0,22,52
./fire/train/fire_0735.jpg,./fire/train/0731.png,1,49,13
./fire/train/fire_0090.jpg,./fire/train/0108.png,1,50,33
./nofire/train/nofire_0591.jpg,./nofire/train/0605.png,0,25,51
./fire/train/fire_0567.jpg,./fire/train/0576.png,1,50,37
./nofire/train/nofire_0521.jpg,./nofire/train/0539.png,0,26,64
./nofire/train/nofire_0203.jpg,./nofire/train/0219.png,0,30,68
./nofire/train/nofire_0845.jpg,./nofire/train/0851.png,0,22,70
./nofire/train/nofire_0896.jpg,./nofire/train/0900.png,0,29,60
./fire/train/fire_0662.jpg,./fire/train/0664.png,1,47,40
./nofire/train/nofire_0492.jpg,./nofire/train/0509.png,0,25,58
./fire/train/fire_0485.jpg,./fire/train/0502.png,1,38,29
./nofire/train/nofire_0883.jpg,./nofire/train/0887.png,0,29,57
./nofire/train/nofire_0873.jpg,./nofire/train/0877.png,0,21,55
./nofire/train/nofire_0839.jpg,./nofire/train/0847.png,0,20,55
./nofire/train/nofire_0576.jpg,./nofire/train/0587.png,0,21,68
./fire/train/fire_0841.jpg,./fire/train/0847.png,1,40,33
./nofire/train/nofire_0388.jpg,./nofire/train/0402.png,0,24,52
./nofire/train/nofire_0343.jpg,./nofire/train/0355.png,0,29,70
./nofire/train/nofire_0549.jpg,./nofire/train/0562.png,0,29,52
./fire/train/fire_0729.jpg,./fire/train/0726.png,1,35,16
./fire/train/fire_0946.jpg,./fire/train/0943.png,1,42,22
./fire/train/fire_0431.jpg,./fire/train/0456.png,1,38,14
./nofire/train/nofire_0150.jpg,./nofire/train/0164.png,0,30,60
./fire/train/fire_0177.jpg,./fire/train/0191.png,1,46,15
./nofire/train/nofire_0374.jpg,./nofire/train/0384.png,0,22,55
./nofire/train/nofire_0060.jpg,./nofire/train/0066.png,0,26,54
./nofire/train/nofire_0670.jpg,./nofire/train/0682.png,0,28,63
./fire/train/fire_0223.jpg,./fire/train/0243.png,1,40,21
./fire/train/fire_0782.jpg,./fire/train/0786.png,1,49,19
./nofire/train/nofire_0433.jpg,./nofire/train/0445.png,0,30,55
./fire/train/fire_0572.jpg,./fire/train/0581.png,1,49,33
./fire/train/fire_0137.jpg,./fire/train/0156.png,1,48,11
./nofire/train/nofire_0848.jpg,./nofire/train/0854.png,0,23,61
./nofire/train/nofire_0726.jpg,./nofire/train/0740.png,0,21,67
./fire/train/fire_0443.jpg,./fire/train/0466.png,1,46,40
./nofire/train/nofire_0766.jpg,./nofire/train/0777.png,0,25,58
./nofire/train/nofire_0588.jpg,./nofire/train/0602.png,0,25,61
./fire/train/fire_0032.jpg,./fire/train/0036.png,1,44,33
./fire/train/fire_0016.jpg,./fire/train/0018.png,1,47,29
./nofire/train/nofire_0013.jpg,./nofire/train/0010.png,0,26,55
./nofire/train/nofire_0487.jpg,./nofire/train/0504.png,0,24,65
./fire/train/fire_0359.jpg,./fire/train/0379.png,1,43,17
./nofire/train/nofire_0790.jpg,./nofire/train/0800.png,0,30,70
./nofire/train/nofire_0678.jpg,./nofire/train/0690.png,0,30,58
./fire/train/fire_0797.jpg,./fire/train/0803.png,1,36,26
./fire/train/fire_0419.jpg,./fire/train/0443.png,1,40,16
./fire/train/fire_0454.jpg,./fire/train/0476.png,1,49,18
./fire/train/fire_0541.jpg,./fire/train/0558.png,1,42,22
./fire/train/fire_0924.jpg,./fire/train/0924.png,1,48,19
./nofire/train/nofire_0546.jpg,./nofire/train/0560.png,0,20,64
./nofire/train/nofire_0007.jpg,./nofire/train/0006.png,0,24,67
./fire/train/fire_0095.jpg,./fire/train/0112.png,1,45,36
./fire/train/fire_0610.jpg,./fire/train/0614.png,1,42,39
./nofire/train/nofire_0758.jpg,./nofire/train/0769.png,0,24,56
./nofire/train/nofire_0151.jpg,./nofire/train/0165.png,0,30,53
./nofire/train/nofire_0381.jpg,./nofire/train/0394.png,0,20,61
./nofire/train/nofire_0624.jpg,./nofire/train/0640.png,0,27,59
./fire/train/fire_0278.jpg,./fire/train/0291.png,1,41,40
./fire/train/fire_0036.jpg,./fire/train/0040.png,1,48,14
./fire/train/fire_0402.jpg,./fire/train/0424.png,1,39,34
./nofire/train/nofire_0283.jpg,./nofire/train/0300.png,0,28,63
./nofire/train/nofire_0852.jpg,./nofire/train/0857.png,0,21,65
./fire/train/fire_0617.jpg,./fire/train/0619.png,1,35,31
./nofire/train/nofire_0814.jpg,./nofire/train/0824.png,0,20,57
./nofire/train/nofire_0587.jpg,./nofire/train/0601.png,0,27,56
./nofire/train/nofire_0597.jpg,./nofire/train/0611.png,0,25,70
./fire/train/fire_0487.jpg,./fire/train/0504.png,1,46,25
./nofire/train/nofire_0205.jpg,./nofire/train/0221.png,0,22,52
./fire/train/fire_0207.jpg,./fire/train/0225.png,1,45,37
./fire/train/fire_0181.jpg,./fire/train/0194.png,1,50,30
./nofire/train/nofire_0136.jpg,./nofire/train/0149.png,0,20,60
./nofire/train/nofire_0114.jpg,./nofire/train/0124.png,0,22,64
./fire/train/fire_0104.jpg,./fire/train/0120.png,1,41,18
./fire/train/fire_0070.jpg,./fire/train/0082.png,1,47,14
./fire/train/fire_0614.jpg,./fire/train/0617.png,1,35,28
./nofire/train/nofire_0603.jpg,./nofire/train/0618.png,0,21,58
./nofire/train/nofire_0928.jpg,./nofire/train/0929.png,0,22,65
./fire/train/fire_0933.jpg,./fire/train/0932.png,1,42,17
./fire/train/fire_0354.jpg,./fire/train/0372.png,1,41,39
./fire/train/fire_0465.jpg,./fire/train/0486.png,1,44,27
./nofire/train/nofire_0761.jpg,./nofire/train/0772.png,0,30,53
./nofire/train/nofire_0668.jpg,./nofire/train/0681.png,0,22,68
./nofire/train/nofire_0290.jpg,./nofire/train/0308.png,0,29,62
./fire/train/fire_0267.jpg,./fire/train/0283.png,1,48,36
./fire/train/fire_0172.jpg,./fire/train/0187.png,1,36,37
./fire/train/fire_0338.jpg,./fire/train/0358.png,1,37,18
./fire/train/fire_0737.jpg,./fire/train/0736.png,1,35,10
./fire/train/fire_0740.jpg,./fire/train/0739.png,1,50,14
./nofire/train/nofire_0042.jpg,./nofire/train/0046.png,0,30,50
./fire/train/fire_0692.jpg,./fire/train/0692.png,1,39,11
./nofire/train/nofire_0238.jpg,./nofire/train/0254.png,0,28,50
./fire/train/fire_0938.jpg,./fire/train/0936.png,1,45,20
./fire/train/fire_0100.jpg,./fire/train/0116.png,1,49,15
./fire/train/fire_0679.jpg,./fire/train/0680.png,1,45,14
./fire/train/fire_0212.jpg,./fire/train/0229.png,1,36,19
./fire/train/fire_0608.jpg,./fire/train/0612.png,1,46,19
./fire/train/fire_0414.jpg,./fire/train/0439.png,1,45,18
./nofire/train/nofire_0649.jpg,./nofire/train/0664.png,0,24,50
./fire/train/fire_0014.jpg,./fire/train/0017.png,1,35,24
./nofire/train/nofire_0065.jpg,./nofire/train/0072.png,0,30,58
./fire/train/fire_0479.jpg,./fire/train/0497.png,1,50,21
./nofire/train/nofire_0448.jpg,./nofire/train/0459.png,0,23,62
./fire/train/fire_0257.jpg,./fire/train/0273.png,1,45,27
./nofire/train/nofire_0607.jpg,./nofire/train/0622.png,0,24,55
./nofire/train/nofire_0501.jpg,./nofire/train/0517.png,0,21,56
./nofire/train/nofire_0516.jpg,./nofire/train/0533.png,0,27,52
./fire/train/fire_0248.jpg,./fire/train/0265.png,1,42,12
./fire/train/fire_0268.jpg,./fire/train/0284.png,1,39,36
./nofire/train/nofire_0672.jpg,./nofire/train/0684.png,0,26,64
./fire/train/fire_0936.jpg,./fire/train/0934.png,1,41,35
./nofire/train/nofire_0690.jpg,./nofire/train/0704.png,0,25,61
./fire/train/fire_0656.jpg,./fire/train/0659.png,1,39,40
./nofire/train/nofire_0018.jpg,./nofire/train/0018.png,0,27,63
./nofire/train/nofire_0313.jpg,./nofire/train/0327.png,0,24,50
./fire/train/fire_0033.jpg,./fire/train/0037.png,1,39,26
./fire/train/fire_0392.jpg,./fire/train/0413.png,1,35,38
./nofire/train/nofire_0280.jpg,./nofire/train/0298.png,0,30,61
./nofire/train/nofire_0121.jpg,./nofire/train/0136.png,0,29,70
./fire/train/fire_0270.jpg,./fire/train/0286.png,1,43,28
./nofire/train/nofire_0056.jpg,./nofire/train/0063.png,0,27,55
./fire/train/fire_0723.jpg,./fire/train/0722.png,1,46,39
./nofire/train/nofire_0155.jpg,./nofire/train/0168.png,0,22,56
./nofire/train/nofire_0877.jpg,./nofire/train/0881.png,0,29,55
./nofire/train/nofire_0625.jpg,./nofire/train/0641.png,0,20,57
./fire/train/fire_0505.jpg,./fire/train/0525.png,1,38,26
./nofire/train/nofire_0382.jpg,./nofire/train/0395.png,0,23,68
./nofire/train/nofire_0204.jpg,./nofire/train/0220.png,0,30,54
./nofire/train/nofire_0242.jpg,./nofire/train/0257.png,0,20,66
./fire/train/fire_0862.jpg,./fire/train/0864.png,1,41,26
./fire/train/fire_0023.jpg,./fire/train/0025.png,1,39,22
./fire/train/fire_0043.jpg,./fire/train/0047.png,1,50,36
./nofire/train/nofire_0776.jpg,./nofire/train/0784.png,0,29,56
./nofire/train/nofire_0886.jpg,./nofire/train/0889.png,0,23,54
./fire/train/fire_0256.jpg,./fire/train/0272.png,1,50,22
./nofire/train/nofire_0764.jpg,./nofire/train/0774.png,0,21,66
./nofire/train/nofire_0605.jpg,./nofire/train/0620.png,0,29,63
./nofire/train/nofire_0201.jpg,./nofire/train/0215.png,0,25,63
./fire/train/fire_0308.jpg,./fire/train/0318.png,1,43,38
./nofire/train/nofire_0713.jpg,./nofire/train/0725.png,0,20,60
./fire/train/fire_0149.jpg,./fire/train/0165.png,1,50,40
./fire/train/fire_0041.jpg,./fire/train/0044.png,1,37,20
./nofire/train/nofire_0614.jpg,./nofire/train/0631.png,0,26,64
./nofire/train/nofire_0387.jpg,./nofire/train/0400.png,0,30,63
./nofire/train/nofire_0420.jpg,./nofire/train/0433.png,0,26,53
./nofire/train/nofire_0218.jpg,./nofire/train/0234.png,0,24,57
./fire/train/fire_0323.jpg,./fire/train/0338.png,1,46,34
./nofire/train/nofire_0407.jpg,./nofire/train/0418.png,0,26,59
./nofire/train/nofire_0684.jpg,./nofire/train/0698.png,0,30,56
./nofire/train/nofire_0741.jpg,./nofire/train/0754.png,0,21,67
./fire/train/fire_0928.jpg,./fire/train/0927.png,1,39,15
./fire/train/fire_0440.jpg,./fire/train/0464.png,1,37,27
./fire/train/fire_0141.jpg,./fire/train/0159.png,1,38,30
./nofire/train/nofire_0709.jpg,./nofire/train/0721.png,0,21,58
./fire/train/fire_0529.jpg,./fire/train/0548.png,1,38,36
./fire/train/fire_0652.jpg,./fire/train/0654.png,1,45,15
./nofire/train/nofire_0893.jpg,./nofire/train/0896.png,0,21,57
./fire/train/fire_0801.jpg,./fire/train/0806.png,1,42,39
./fire/train/fire_0909.jpg,./fire/train/0909.png,1,39,26
./fire/train/fire_0920.jpg,./fire/train/0921.png,1,46,34
./nofire/train/nofire_0008.jpg,./nofire/train/0007.png,0,23,54
./fire/train/fire_0746.jpg,./fire/train/0745.png,1,37,30
./nofire/train/nofire_0226.jpg,./nofire/train/0241.png,0,25,67
./nofire/train/nofire_0797.jpg,./nofire/train/0807.png,0,28,69
./nofire/train/nofire_0120.jpg,./nofire/train/0135.png,0,28,66
./nofire/train/nofire_0661.jpg,./nofire/train/0674.png,0,22,62
./fire/train/fire_0655.jpg,./fire/train/0657.png,1,43,39
./nofire/train/nofire_0215.jpg,./nofire/train/0231.png,0,30,64
./fire/train/fire_0753.jpg,./fire/train/0752.png,1,40,21
./nofire/train/nofire_0692.jpg,./nofire/train/0705.png,0,30,62
./nofire/train/nofire_0648.jpg,./nofire/train/0663.png,0,30,57
./nofire/train/nofire_0485.jpg,./nofire/train/0502.png,0,28,69
./nofire/train/nofire_0702.jpg,./nofire/train/0714.png,0,24,54
./nofire/train/nofire_0716.jpg,./nofire/train/0728.png,0,29,70
./fire/train/fire_0643.jpg,./fire/train/0644.png,1,41,24
./nofire/train/nofire_0912.jpg,./nofire/train/0914.png,0,22,52
./fire/train/fire_0220.jpg,./fire/train/0240.png,1,36,37
./fire/train/fire_0112.jpg,./fire/train/0129.png,1,48,11
./fire/train/fire_0163.jpg,./fire/train/0178.png,1,35,21
./nofire/train/nofire_0019.jpg,./nofire/train/0019.png,0,21,66
./nofire/train/nofire_0545.jpg,./nofire/train/0559.png,0,21,64
./nofire/train/nofire_0697.jpg,./nofire/train/0710.png,0,21,62
./fire/train/fire_0412.jpg,./fire/train/0437.png,1,49,18
./nofire/train/nofire_0677.jpg,./nofire/train/0688.png,0,23,58
./fire/train/fire_0452.jpg,./fire/train/0475.png,1,41,17
./fire/train/fire_0523.jpg,./fire/train/0544.png,1,44,11
./nofire/train/nofire_0181.jpg,./nofire/train/0195.png,0,22,64
./fire/train/fire_0674.jpg,./fire/train/0675.png,1,43,18
./nofire/train/nofire_0699.jpg,./nofire/train/0712.png,0,27,69
./nofire/train/nofire_0300.jpg,./nofire/train/0315.png,0,28,65
./fire/train/fire_0047.jpg,./fire/train/0051.png,1,48,37
./fire/train/fire_0738.jpg,./fire/train/0737.png,1,46,27
./fire/train/fire_0944.jpg,./fire/train/0941.png,1,38,33
./nofire/train/nofire_0263.jpg,./nofire/train/0282.png,0,22,58
./nofire/train/nofire_0801.jpg,./nofire/train/0812.png,0,30,51
./nofire/train/nofire_0736.jpg,./nofire/train/0749.png,0,22,70
./nofire/train/nofire_0148.jpg,./nofire/train/0161.png,0,25,66
./fire/train/fire_0307.jpg,./fire/train/0317.png,1,44,33
./nofire/train/nofire_0217.jpg,./nofire/train/0233.png,0,23,69
./fire/train/fire_0276.jpg,./fire/train/0290.png,1,49,37
./fire/train/fire_0208.jpg,./fire/train/0226.png,1,36,33
./nofire/train/nofire_0308.jpg,./nofire/train/0321.png,0,30,67
./nofire/train/nofire_0725.jpg,./nofire/train/0739.png,0,25,57
./fire/train/fire_0226.jpg,./fire/train/0245.png,1,45,19
./fire/train/fire_0368.jpg,./fire/train/0389.png,1,39,28
./nofire/train/nofire_0350.jpg,./nofire/train/0360.png,0,27,64
./nofire/train/nofire_0398.jpg,./nofire/train/0410.png,0,21,51
./nofire/train/nofire_0856.jpg,./nofire/train/0861.png,0,26,57
./nofire/train/nofire_0719.jpg,./nofire/train/0734.png,0,27,52
./fire/train/fire_0792.jpg,./fire/train/0797.png,1,36,12
./nofire/train/nofire_0331.jpg,./nofire/train/0344.png,0,30,57
./nofire/train/nofire_0786.jpg,./nofire/train/0794.png,0,21,64
./nofire/train/nofire_0586.jpg,./nofire/train/0599.png,0,29,56
./fire/train/fire_0918.jpg,./fire/train/0918.png,1,42,15
./fire/train/fire_0254.jpg,./fire/train/0270.png,1,43,27
./nofire/train/nofire_0193.jpg,./nofire/train/0208.png,0,26,59
./nofire/train/nofire_0380.jpg,./nofire/train/0392.png,0,24,53
./nofire/train/nofire_0871.jpg,./nofire/train/0876.png,0,21,58
./fire/train/fire_0771.jpg,./fire/train/0775.png,1,36,24
./fire/train/fire_0215.jpg,./fire/train/0233.png,1,48,33
./fire/train/fire_0950.jpg,./fire/train/0948.png,1,40,23
./fire/train/fire_0373.jpg,./fire/train/0393.png,1,36,36
./nofire/train/nofire_0552.jpg,./nofire/train/0566.png,0,23,52
./fire/train/fire_0272.jpg,./fire/train/0287.png,1,44,24
./fire/train/fire_0544.jpg,./fire/train/0560.png,1,42,20
./nofire/train/nofire_0792.jpg,./nofire/train/0801.png,0,24,50
./fire/train/fire_0227.jpg,./fire/train/0246.png,1,37,25
./nofire/train/nofire_0663.jpg,./nofire/train/0676.png,0,28,61
./fire/train/fire_0261.jpg,./fire/train/0276.png,1,45,35
./fire/train/fire_0160.jpg,./fire/train/0175.png,1,40,13
./nofire/train/nofire_0693.jpg,./nofire/train/0706.png,0,27,66
./nofire/train/nofire_0446.jpg,./nofire/train/0458.png,0,24,59
./nofire/train/nofire_0773.jpg,./nofire/train/0782.png,0,25,58
./nofire/train/nofire_0257.jpg,./nofire/train/0273.png,0,22,50
./fire/train/fire_0742.jpg,./fire/train/0742.png,1,38,18
./fire/train/fire_0467.jpg,./fire/train/0488.png,1,35,28
./nofire/train/nofire_0251.jpg,./nofire/train/0269.png,0,23,68
./fire/train/fire_0061.jpg,./fire/train/0068.png,1,44,38
./fire/train/fire_0037.jpg,./fire/train/0042.png,1,50,19
./nofire/train/nofire_0301.jpg,./nofire/train/0316.png,0,26,52
./fire/train/fire_0558.jpg,./fire/train/0569.png,1,37,23
./nofire/train/nofire_0613.jpg,./nofire/train/0629.png,0,20,50
./nofire/train/nofire_0449.jpg,./nofire/train/0460.png,0,28,55
./nofire/train/nofire_0734.jpg,./nofire/train/0747.png,0,22,66
./nofire/train/nofire_0788.jpg,./nofire/train/0796.png,0,29,64
./nofire/train/nofire_0409.jpg,./nofire/train/0420.png,0,27,65
./fire/train/fire_0341.jpg,./fire/train/0360.png,1,42,20
./fire/train/fire_0170.jpg,./fire/train/0185.png,1,39,22
./nofire/train/nofire_0908.jpg,./nofire/train/0911.png,0,26,61
./fire/train/fire_0281.jpg,./fire/train/0293.png,1,45,26
./nofire/train/nofire_0577.jpg,./nofire/train/0588.png,0,29,64
./fire/train/fire_0501.jpg,./fire/train/0520.png,1,37,23
./nofire/train/nofire_0844.jpg,./nofire/train/0850.png,0,25,65
./nofire/train/nofire_0728.jpg,./nofire/train/0743.png,0,21,70
./fire/train/fire_0915.jpg,./fire/train/0914.png,1,43,39
./nofire/train/nofire_0579.jpg,./nofire/train/0590.png,0,20,53
./nofire/train/nofire_0023.jpg,./nofire/train/0025.png,0,25,57
./nofire/train/nofire_0047.jpg,./nofire/train/0054.png,0,29,68
./nofire/train/nofire_0514.jpg,./nofire/train/0531.png,0,25,58
./nofire/train/nofire_0665.jpg,./nofire/train/0677.png,0,30,60
./nofire/train/nofire_0783.jpg,./nofire/train/0792.png,0,20,67
./fire/train/fire_0026.jpg,./fire/train/0031.png,1,42,12
./nofire/train/nofire_0163.jpg,./nofire/train/0175.png,0,22,62
./nofire/train/nofire_0187.jpg,./nofire/train/0201.png,0,20,55
./fire/train/fire_0716.jpg,./fire/train/0716.png,1,39,22
./fire/train/fire_0401.jpg,./fire/train/0419.png,1,37,31
./fire/train/fire_0001.jpg,./fire/train/0001.png,1,42,24
./fire/train/fire_0046.jpg,./fire/train/0050.png,1,43,23
./fire/train/fire_0313.jpg,./fire/train/0328.png,1,43,39
./nofire/train/nofire_0306.jpg,./nofire/train/0319.png,0,20,66
./fire/train/fire_0059.jpg,./fire/train/0066.png,1,36,25
./nofire/train/nofire_0220.jpg,./nofire/train/0235.png,0,23,68
./fire/train/fire_0085.jpg,./fire/train/0100.png,1,49,24
./fire/train/fire_0092.jpg,./fire/train/0109.png,1,38,13
./fire/train/fire_0004.jpg,./fire/train/0005.png,1,45,17
./fire/train/fire_0428.jpg,./fire/train/0452.png,1,44,34
./nofire/train/nofire_0216.jpg,./nofire/train/0232.png,0,30,69
./nofire/train/nofire_0050.jpg,./nofire/train/0058.png,0,23,52
./nofire/train/nofire_0269.jpg,./nofire/train/0287.png,0,24,64
./nofire/train/nofire_0478.jpg,./nofire/train/0492.png,0,22,55
./nofire/train/nofire_0631.jpg,./nofire/train/0647.png,0,26,69
./nofire/train/nofire_0562.jpg,./nofire/train/0574.png,0,20,70
./fire/train/fire_0834.jpg,./fire/train/0842.png,1,42,36
./nofire/train/nofire_0727.jpg,./nofire/train/0742.png,0,26,63
./fire/train/fire_0024.jpg,./fire/train/0028.png,1,36,25
./fire/train/fire_0471.jpg,./fire/train/0493.png,1,35,29
./nofire/train/nofire_0749.jpg,./nofire/train/0761.png,0,30,70
./fire/train/fire_0238.jpg,./fire/train/0255.png,1,46,19
./nofire/train/nofire_0765.jpg,./nofire/train/0775.png,0,28,54
./nofire/train/nofire_0550.jpg,./nofire/train/0563.png,0,26,66
./fire/train/fire_0119.jpg,./fire/train/0136.png,1,35,24
./fire/train/fire_0363.jpg,./fire/train/0385.png,1,47,36
./fire/train/fire_0647.jpg,./fire/train/0650.png,1,39,19
./nofire/train/nofire_0361.jpg,./nofire/train/0371.png,0,27,53
./fire/train/fire_0336.jpg,./fire/train/0353.png,1,45,12
./nofire/train/nofire_0777.jpg,./nofire/train/0785.png,0,21,58
./nofire/train/nofire_0197.jpg,./nofire/train/0211.png,0,22,50
./fire/train/fire_0424.jpg,./fire/train/0448.png,1,38,14
./fire/train/fire_0640.jpg,./fire/train/0640.png,1,40,36
./nofire/train/nofire_0240.jpg,./nofire/train/0256.png,0,21,68
./nofire/train/nofire_0859.jpg,./nofire/train/0864.png,0,22,68
./fire/train/fire_0715.jpg,./fire/train/0715.png,1,40,21
./fire/train/fire_0315.jpg,./fire/train/0329.png,1,35,24
./nofire/train/nofire_0048.jpg,./nofire/train/0055.png,0,20,56
./fire/train/fire_0602.jpg,./fire/train/0608.png,1,46,29
./nofire/train/nofire_0022.jpg,./nofire/train/0024.png,0,23,62
./fire/train/fire_0793.jpg,./fire/train/0800.png,1,40,21
./nofire/train/nofire_0053.jpg,./nofire/train/0060.png,0,25,68
./nofire/train/nofire_0186.jpg,./nofire/train/0199.png,0,22,67
./nofire/train/nofire_0119.jpg,./nofire/train/0133.png,0,29,59
./nofire/train/nofire_0512.jpg,./nofire/train/0530.png,0,21,61
./nofire/train/nofire_0518.jpg,./nofire/train/0535.png,0,23,61
./nofire/train/nofire_0109.jpg,./nofire/train/0120.png,0,24,54
./fire/train/fire_0346.jpg,./fire/train/0364.png,1,35,34
./fire/train/fire_0324.jpg,./fire/train/0339.png,1,36,29
./nofire/train/nofire_0517.jpg,./nofire/train/0534.png,0,28,56
./nofire/train/nofire_0214.jpg,./nofire/train/0230.png,0,28,52
./fire/train/fire_0455.jpg,./fire/train/0477.png,1,35,10
./nofire/train/nofire_0910.jpg,./nofire/train/0913.png,0,23,52
./fire/train/fire_0131.jpg,./fire/train/0148.png,1,44,30
./fire/train/fire_0697.jpg,./fire/train/0698.png,1,40,27
./nofire/train/nofire_0905.jpg,./nofire/train/0909.png,0,29,67
./nofire/train/nofire_0617.jpg,./nofire/train/0634.png,0,24,59
./fire/train/fire_0250.jpg,./fire/train/0267.png,1,36,27
./fire/train/fire_0649.jpg,./fire/train/0651.png,1,37,23
./nofire/train/nofire_0703.jpg,./nofire/train/0715.png,0,20,67
./nofire/train/nofire_0932.jpg,./nofire/train/0932.png,0,30,69
./nofire/train/nofire_0334.jpg,./nofire/train/0346.png,0,22,64
./nofire/train/nofire_0309.jpg,./nofire/train/0322.png,0,22,52
./nofire/train/nofire_0391.jpg,./nofire/train/0404.png,0,20,66
./nofire/train/nofire_0351.jpg,./nofire/train/0361.png,0,28,56
./nofire/train/nofire_0110.jpg,./nofire/train/0121.png,0,20,52
./nofire/train/nofire_0178.jpg,./nofire/train/0190.png,0,28,55
./nofire/train/nofire_0321.jpg,./nofire/train/0334.png,0,30,65
./nofire/train/nofire_0421.jpg,./nofire/train/0434.png,0,22,55
./fire/train/fire_0190.jpg,./fire/train/0203.png,1,45,40
./nofire/train/nofire_0117.jpg,./nofire/train/0129.png,0,29,66
./fire/train/fire_0750.jpg,./fire/train/0749.png,1,48,12
./nofire/train/nofire_0854.jpg,./nofire/train/0860.png,0,22,57
./fire/train/fire_0732.jpg,./fire/train/0729.png,1,42,24
./nofire/train/nofire_0100.jpg,./nofire/train/0111.png,0,29,59
./nofire/train/nofire_0043.jpg,./nofire/train/0048.png,0,27,67
./fire/train/fire_0794.jpg,./fire/train/0801.png,1,45,29
./nofire/train/nofire_0914.jpg,./nofire/train/0917.png,0,28,65
./fire/train/fire_0021.jpg,./fire/train/0023.png,1,45,20
./nofire/train/nofire_0127.jpg,./nofire/train/0142.png,0,30,64
./nofire/train/nofire_0732.jpg,./nofire/train/0746.png,0,29,70
./fire/train/fire_0534.jpg,./fire/train/0552.png,1,44,19
./nofire/train/nofire_0712.jpg,./nofire/train/0724.png,0,30,68
./fire/train/fire_0654.jpg,./fire/train/0656.png,1,41,22
./nofire/train/nofire_0462.jpg,./nofire/train/0475.png,0,20,66
./nofire/train/nofire_0829.jpg,./nofire/train/0836.png,0,21,63
./fire/train/fire_0511.jpg,./fire/train/0533.png,1,48,15
./fire/train/fire_0539.jpg,./fire/train/0556.png,1,43,14
./fire/train/fire_0874.jpg,./fire/train/0877.png,1,36,29
./fire/train/fire_0028.jpg,./fire/train/0032.png,1,50,17
./nofire/train/nofire_0667.jpg,./nofire/train/0680.png,0,22,54
./fire/train/fire_0609.jpg,./fire/train/0613.png,1,45,26
./nofire/train/nofire_0338.jpg,./nofire/train/0350.png,0,29,58
./nofire/train/nofire_0488.jpg,./nofire/train/0507.png,0,25,52
./fire/train/fire_0375.jpg,./fire/train/0395.png,1,38,32
./nofire/train/nofire_0901.jpg,./nofire/train/0905.png,0,26,53
./fire/train/fire_0060.jpg,./fire/train/0067.png,1,38,24
./fire/train/fire_0053.jpg,./fire/train/0057.png,1,42,40
./fire/train/fire_0420.jpg,./fire/train/0444.png,1,38,32
./nofire/train/nofire_0738.jpg,./nofire/train/0752.png,0,29,55
./nofire/train/nofire_0101.jpg,./nofire/train/0112.png,0,29,50
./nofire/train/nofire_0037.jpg,./nofire/train/0040.png,0,27,69
./fire/train/fire_0873.jpg,./fire/train/0876.png,1,46,33
./nofire/train/nofire_0315.jpg,./nofire/train/0328.png,0,24,51
./fire/train/fire_0185.jpg,./fire/train/0198.png,1,39,13
./fire/train/fire_0892.jpg,./fire/train/0893.png,1,44,20
./fire/train/fire_0451.jpg,./fire/train/0474.png,1,39,20
./fire/train/fire_0110.jpg,./fire/train/0127.png,1,43,32
./nofire/train/nofire_0221.jpg,./nofire/train/0237.png,0,23,60
./fire/train/fire_0020.jpg,./fire/train/0022.png,1,49,38
./fire/train/fire_0151.jpg,./fire/train/0167.png,1,47,25
./nofire/train/nofire_0850.jpg,./nofire/train/0856.png,0,24,52
./nofire/train/nofire_0153.jpg,./nofire/train/0166.png,0,26,58
./fire/train/fire_0138.jpg,./fire/train/0157.png,1,41,33
./fire/train/fire_0492.jpg,./fire/train/0513.png,1,36,19
./fire/train/fire_0064.jpg,./fire/train/0072.png,1,43,11
./fire/train/fire_0744.jpg,./fire/train/0743.png,1,43,17
./nofire/train/nofire_0358.jpg,./nofire/train/0368.png,0,25,69
./nofire/train/nofire_0432.jpg,./nofire/train/0444.png,0,22,69
./nofire/train/nofire_0394.jpg,./nofire/train/0406.png,0,20,56
./nofire/train/nofire_0265.jpg,./nofire/train/0284.png,0,21,54
./fire/train/fire_0071.jpg,./fire/train/0083.png,1,44,10
./nofire/train/nofire_0548.jpg,./nofire/train/0561.png,0,29,67
./fire/train/fire_0393.jpg,./fire/train/0414.png,1,43,20
./nofire/train/nofire_0601.jpg,./nofire/train/0615.png,0,27,59
./fire/train/fire_0625.jpg,./fire/train/0624.png,1,36,27
./nofire/train/nofire_0191.jpg,./nofire/train/0207.png,0,22,67
./nofire/train/nofire_0641.jpg,./nofire/train/0656.png,0,25,57
./nofire/train/nofire_0621.jpg,./nofire/train/0638.png,0,27,68
./nofire/train/nofire_0413.jpg,./nofire/train/0424.png,0,29,58
./fire/train/fire_0102.jpg,./fire/train/0118.png,1,48,39
./fire/train/fire_0853.jpg,./fire/train/0858.png,1,47,33
./nofire/train/nofire_0035.jpg,./nofire/train/0038.png,0,22,55
./fire/train/fire_0460.jpg,./fire/train/0481.png,1,48,24
./fire/train/fire_0838.jpg,./fire/train/0845.png,1,47,23
./fire/train/fire_0550.jpg,./fire/train/0564.png,1,37,13
./fire/train/fire_0265.jpg,./fire/train/0281.png,1,36,13
./fire/train/fire_0380.jpg,./fire/train/0401.png,1,37,22
./nofire/train/nofire_0146.jpg,./nofire/train/0160.png,0,23,67
./nofire/train/nofire_0441.jpg,./nofire/train/0453.png,0,23,50
./nofire/train/nofire_0139.jpg,./nofire/train/0154.png,0,27,59
./nofire/train/nofire_0149.jpg,./nofire/train/0162.png,0,29,50
./nofire/train/nofire_0461.jpg,./nofire/train/0473.png,0,25,55
./fire/train/fire_0790.jpg,./fire/train/0796.png,1,37,12
./fire/train/fire_0189.jpg,./fire/train/0201.png,1,42,14
./nofire/train/nofire_0616.jpg,./nofire/train/0633.png,0,26,56
./nofire/train/nofire_0045.jpg,./nofire/train/0051.png,0,23,65
./nofire/train/nofire_0595.jpg,./nofire/train/0609.png,0,21,62
./fire/train/fire_0687.jpg,./fire/train/0688.png,1,42,33
./nofire/train/nofire_0950.jpg,./nofire/train/0949.png,0,23,68
./fire/train/fire_0857.jpg,./fire/train/0860.png,1,36,40
./nofire/train/nofire_0655.jpg,./nofire/train/0669.png,0,21,55
./nofire/train/nofire_0437.jpg,./nofire/train/0449.png,0,21,55
./nofire/train/nofire_0477.jpg,./nofire/train/0491.png,0,25,61
./nofire/train/nofire_0646.jpg,./nofire/train/0662.png,0,29,63
./nofire/train/nofire_0560.jpg,./nofire/train/0572.png,0,30,70
./nofire/train/nofire_0869.jpg,./nofire/train/0873.png,0,30,58
./nofire/train/nofire_0936.jpg,./nofire/train/0935.png,0,28,61
./fire/train/fire_0193.jpg,./fire/train/0206.png,1,48,31
./fire/train/fire_0387.jpg,./fire/train/0409.png,1,40,37
./nofire/train/nofire_0604.jpg,./nofire/train/0619.png,0,30,63
./fire/train/fire_0824.jpg,./fire/train/0829.png,1,46,29
./nofire/train/nofire_0735.jpg,./nofire/train/0748.png,0,25,56
./fire/train/fire_0374.jpg,./fire/train/0394.png,1,47,28
./nofire/train/nofire_0277.jpg,./nofire/train/0296.png,0,22,52
./fire/train/fire_0450.jpg,./fire/train/0472.png,1,46,13
./fire/train/fire_0183.jpg,./fire/train/0196.png,1,35,35
./fire/train/fire_0733.jpg,./fire/train/0730.png,1,40,14
./fire/train/fire_0290.jpg,./fire/train/0301.png,1,42,23
./nofire/train/nofire_0841.jpg,./nofire/train/0848.png,0,20,66
./nofire/train/nofire_0373.jpg,./nofire/train/0383.png,0,23,61
./fire/train/fire_0345.jpg,./fire/train/0363.png,1,37,30
./nofire/train/nofire_0511.jpg,./nofire/train/0529.png,0,30,68
./nofire/train/nofire_0440.jpg,./nofire/train/0452.png,0,24,68
./nofire/train/nofire_0298.jpg,./nofire/train/0314.png,0,27,56
./fire/train/fire_0078.jpg,./fire/train/0094.png,1,35,39
./nofire/train/nofire_0891.jpg,./nofire/train/0894.png,0,28,50
./nofire/train/nofire_0200.jpg,./nofire/train/0214.png,0,27,56
./nofire/train/nofire_0808.jpg,./nofire/train/0819.png,0,26,52
./fire/train/fire_0756.jpg,./fire/train/0757.png,1,41,24
./nofire/train/nofire_0211.jpg,./nofire/train/0227.png,0,20,51
./nofire/train/nofire_0862.jpg,./nofire/train/0868.png,0,26,58
./fire/train/fire_0727.jpg,./fire/train/0725.png,1,36,10
./nofire/train/nofire_0651.jpg,./nofire/train/0666.png,0,25,70
./fire/train/fire_0932.jpg,./fire/train/0931.png,1,36,23
./nofire/train/nofire_0879.jpg,./nofire/train/0882.png,0,30,67
./nofire/train/nofire_0935.jpg,./nofire/train/0934.png,0,24,54
./nofire/train/nofire_0847.jpg,./nofire/train/0852.png,0,28,52
./nofire/train/nofire_0179.jpg,./nofire/train/0192.png,0,29,57
./fire/train/fire_0054.jpg,./fire/train/0058.png,1,41,18
./nofire/train/nofire_0366.jpg,./nofire/train/0377.png,0,30,51
./nofire/train/nofire_0629.jpg,./nofire/train/0646.png,0,29,67
./fire/train/fire_0571.jpg,./fire/train/0580.png,1,37,38
./fire/train/fire_0622.jpg,./fire/train/0622.png,1,42,20
./nofire/train/nofire_0540.jpg,./nofire/train/0554.png,0,29,69
./nofire/train/nofire_0069.jpg,./nofire/train/0076.png,0,21,52
./fire/train/fire_0433.jpg,./fire/train/0457.png,1,40,10
./nofire/train/nofire_0414.jpg,./nofire/train/0425.png,0,23,66
./nofire/train/nofire_0102.jpg,./nofire/train/0113.png,0,23,69
./fire/train/fire_0069.jpg,./fire/train/0081.png,1,39,36
./fire/train/fire_0099.jpg,./fire/train/0115.png,1,50,14
./fire/train/fire_0565.jpg,./fire/train/0574.png,1,42,13
./fire/train/fire_0049.jpg,./fire/train/0052.png,1,45,26
./fire/train/fire_0633.jpg,./fire/train/0633.png,1,38,18
./fire/train/fire_0243.jpg,./fire/train/0259.png,1,47,25
./fire/train/fire_0819.jpg,./fire/train/0824.png,1,39,11
./nofire/train/nofire_0627.jpg,./nofire/train/0644.png,0,21,52
./nofire/train/nofire_0355.jpg,./nofire/train/0366.png,0,29,65
./fire/train/fire_0339.jpg,./fire/train/0359.png,1,42,28
./nofire/train/nofire_0636.jpg,./nofire/train/0651.png,0,27,70
./fire/train/fire_0898.jpg,./fire/train/0898.png,1,46,25
./fire/train/fire_0423.jpg,./fire/train/0447.png,1,43,34
./nofire/train/nofire_0682.jpg,./nofire/train/0695.png,0,20,66
./fire/train/fire_0293.jpg,./fire/train/0304.png,1,50,28
./fire/train/fire_0369.jpg,./fire/train/0390.png,1,44,20
./nofire/train/nofire_0029.jpg,./nofire/train/0031.png,0,28,52
./fire/train/fire_0186.jpg,./fire/train/0199.png,1,35,22
./nofire/train/nofire_0243.jpg,./nofire/train/0258.png,0,25,54
./fire/train/fire_0724.jpg,./fire/train/0723.png,1,47,30
./nofire/train/nofire_0789.jpg,./nofire/train/0797.png,0,25,58
./fire/train/fire_0409.jpg,./fire/train/0435.png,1,40,19
./fire/train/fire_0042.jpg,./fire/train/0045.png,1,48,39
./fire/train/fire_0749.jpg,./fire/train/0748.png,1,40,12
./fire/train/fire_0105.jpg,./fire/train/0121.png,1,35,37
./fire/train/fire_0178.jpg,./fire/train/0192.png,1,39,30
./fire/train/fire_0884.jpg,./fire/train/0887.png,1,49,10
./fire/train/fire_0621.jpg,./fire/train/0621.png,1,41,34
./fire/train/fire_0184.jpg,./fire/train/0197.png,1,48,39
./nofire/train/nofire_0235.jpg,./nofire/train/0252.png,0,24,69
./fire/train/fire_0785.jpg,./fire/train/0788.png,1,35,18
./fire/train/fire_0925.jpg,./fire/train/0925.png,1,44,11
./fire/train/fire_0664.jpg,./fire/train/0666.png,1,47,31
./fire/train/fire_0321.jpg,./fire/train/0335.png,1,48,24
./fire/train/fire_0435.jpg,./fire/train/0460.png,1,47,33
./nofire/train/nofire_0662.jpg,./nofire/train/0675.png,0,22,68
./nofire/train/nofire_0947.jpg,./nofire/train/0947.png,0,22,52
./nofire/train/nofire_0014.jpg,./nofire/train/0011.png,0,21,57
./fire/train/fire_0018.jpg,./fire/train/0020.png,1,48,31
./nofire/train/nofire_0161.jpg,./nofire/train/0173.png,0,23,64
./fire/train/fire_0360.jpg,./fire/train/0380.png,1,48,31
./nofire/train/nofire_0399.jpg,./nofire/train/0411.png,0,22,68
./nofire/train/nofire_0125.jpg,./nofire/train/0141.png,0,28,69
./nofire/train/nofire_0210.jpg,./nofire/train/0225.png,0,29,53
./fire/train/fire_0035.jpg,./fire/train/0039.png,1,47,16
./nofire/train/nofire_0375.jpg,./nofire/train/0386.png,0,21,62
./fire/train/fire_0820.jpg,./fire/train/0825.png,1,44,18
./fire/train/fire_0213.jpg,./fire/train/0230.png,1,46,22
./fire/train/fire_0813.jpg,./fire/train/0818.png,1,49,28
./fire/train/fire_0810.jpg,./fire/train/0815.png,1,37,18
./fire/train/fire_0114.jpg,./fire/train/0131.png,1,36,27
./fire/train/fire_0835.jpg,./fire/train/0843.png,1,40,30
./fire/train/fire_0663.jpg,./fire/train/0665.png,1,42,17
./fire/train/fire_0929.jpg,./fire/train/0928.png,1,46,24
./fire/train/fire_0510.jpg,./fire/train/0531.png,1,45,27
./fire/train/fire_0894.jpg,./fire/train/0894.png,1,44,28
./nofire/train/nofire_0860.jpg,./nofire/train/0865.png,0,25,67
./fire/train/fire_0196.jpg,./fire/train/0211.png,1,36,17
./fire/train/fire_0875.jpg,./fire/train/0878.png,1,37,21
./nofire/train/nofire_0244.jpg,./nofire/train/0260.png,0,30,58
./fire/train/fire_0056.jpg,./fire/train/0063.png,1,38,21
./nofire/train/nofire_0746.jpg,./nofire/train/0759.png,0,30,67
./fire/train/fire_0826.jpg,./fire/train/0835.png,1,42,28
./nofire/train/nofire_0088.jpg,./nofire/train/0094.png,0,26,66
./fire/train/fire_0130.jpg,./fire/train/0147.png,1,35,27
./nofire/train/nofire_0213.jpg,./nofire/train/0228.png,0,22,57
./fire/train/fire_0903.jpg,./fire/train/0903.png,1,39,10
./fire/train/fire_0259.jpg,./fire/train/0274.png,1,38,29
./fire/train/fire_0128.jpg,./fire/train/0145.png,1,35,35
./nofire/train/nofire_0752.jpg,./nofire/train/0764.png,0,27,50
./nofire/train/nofire_0041.jpg,./nofire/train/0044.png,0,21,56
./fire/train/fire_0394.jpg,./fire/train/0415.png,1,47,39
./nofire/train/nofire_0403.jpg,./nofire/train/0415.png,0,24,51
./fire/train/fire_0844.jpg,./fire/train/0850.png,1,35,25
./nofire/train/nofire_0408.jpg,./nofire/train/0419.png,0,24,56
./fire/train/fire_0948.jpg,./fire/train/0946.png,1,43,39
./nofire/train/nofire_0718.jpg,./nofire/train/0732.png,0,27,65
./nofire/train/nofire_0519.jpg,./nofire/train/0537.png,0,22,64
./nofire/train/nofire_0474.jpg,./nofire/train/0487.png,0,29,54
./nofire/train/nofire_0363.jpg,./nofire/train/0374.png,0,27,68
./fire/train/fire_0391.jpg,./fire/train/0412.png,1,50,22
./nofire/train/nofire_0775.jpg,./nofire/train/0783.png,0,20,63
./nofire/train/nofire_0001.jpg,./nofire/train/0000.png,0,27,55
./fire/train/fire_0195.jpg,./fire/train/0210.png,1,40,30
./fire/train/fire_0758.jpg,./fire/train/0758.png,1,37,30
./fire/train/fire_0192.jpg,./fire/train/0205.png,1,48,32
./nofire/train/nofire_0565.jpg,./nofire/train/0577.png,0,25,51
./fire/train/fire_0111.jpg,./fire/train/0128.png,1,50,32
./fire/train/fire_0430.jpg,./fire/train/0455.png,1,45,31
./fire/train/fire_0628.jpg,./fire/train/0628.png,1,36,22
./fire/train/fire_0619.jpg,./fire/train/0620.png,1,44,21
./nofire/train/nofire_0920.jpg,./nofire/train/0922.png,0,23,65
./nofire/train/nofire_0743.jpg,./nofire/train/0755.png,0,21,54
./fire/train/fire_0093.jpg,./fire/train/0110.png,1,44,23
./nofire/train/nofire_0438.jpg,./nofire/train/0450.png,0,30,57
./fire/train/fire_0596.jpg,./fire/train/0602.png,1,36,25
./nofire/train/nofire_0378.jpg,./nofire/train/0391.png,0,26,66
./fire/train/fire_0381.jpg,./fire/train/0402.png,1,46,25
./fire/train/fire_0891.jpg,./fire/train/0892.png,1,41,35
./nofire/train/nofire_0582.jpg,./nofire/train/0592.png,0,27,63
./nofire/train/nofire_0228.jpg,./nofire/train/0243.png,0,25,62
./fire/train/fire_0384.jpg,./fire/train/0404.png,1,45,10
./fire/train/fire_0636.jpg,./fire/train/0636.png,1,47,20
./fire/train/fire_0421.jpg,./fire/train/0446.png,1,45,36
./fire/train/fire_0676.jpg,./fire/train/0678.png,1,45,12
./nofire/train/nofire_0508.jpg,./nofire/train/0526.png,0,20,59
./nofire/train/nofire_0054.jpg,./nofire/train/0061.png,0,21,55
./nofire/train/nofire_0528.jpg,./nofire/train/0544.png,0,29,51
./nofire/train/nofire_0897.jpg,./nofire/train/0901.png,0,21,67
./fire/train/fire_0389.jpg,./fire/train/0411.png,1,40,19
./nofire/train/nofire_0429.jpg,./nofire/train/0441.png,0,23,67
./nofire/train/nofire_0827.jpg,./nofire/train/0835.png,0,26,50
./fire/train/fire_0109.jpg,./fire/train/0126.png,1,37,39
./fire/train/fire_0350.jpg,./fire/train/0367.png,1,42,12
./fire/train/fire_0639.jpg,./fire/train/0639.png,1,38,17
./nofire/train/nofire_0931.jpg,./nofire/train/0931.png,0,30,62
./fire/train/fire_0171.jpg,./fire/train/0186.png,1,44,39
./nofire/train/nofire_0170.jpg,./nofire/train/0181.png,0,27,61
./nofire/train/nofire_0810.jpg,./nofire/train/0820.png,0,26,60
./nofire/train/nofire_0005.jpg,./nofire/train/0005.png,0,24,63
./nofire/train/nofire_0328.jpg,./nofire/train/0340.png,0,20,62
./nofire/train/nofire_0482.jpg,./nofire/train/0499.png,0,24,53
./nofire/train/nofire_0168.jpg,./nofire/train/0179.png,0,30,59
./fire/train/fire_0251.jpg,./fire/train/0268.png,1,38,37
./fire/train/fire_0206.jpg,./fire/train/0221.png,1,44,36
./fire/train/fire_0532.jpg,./fire/train/0550.png,1,43,17
./fire/train/fire_0710.jpg,./fire/train/0711.png,1,40,23
./nofire/train/nofire_0418.jpg,./nofire/train/0431.png,0,24,65
./fire/train/fire_0337.jpg,./fire/train/0356.png,1,37,13
./fire/train/fire_0115.jpg,./fire/train/0132.png,1,45,39
./nofire/train/nofire_0249.jpg,./nofire/train/0266.png,0,21,64
./fire/train/fire_0495.jpg,./fire/train/0516.png,1,39,38
./fire/train/fire_0923.jpg,./fire/train/0923.png,1,41,26
./nofire/train/nofire_0590.jpg,./nofire/train/0603.png,0,29,53
./fire/train/fire_0661.jpg,./fire/train/0663.png,1,48,13
./fire/train/fire_0548.jpg,./fire/train/0563.png,1,36,25
./nofire/train/nofire_0559.jpg,./nofire/train/0571.png,0,27,52
./fire/train/fire_0906.jpg,./fire/train/0906.png,1,35,14
./nofire/train/nofire_0254.jpg,./nofire/train/0271.png,0,26,70
./nofire/train/nofire_0057.jpg,./nofire/train/0064.png,0,29,54
./fire/train/fire_0704.jpg,./fire/train/0707.png,1,35,11
./nofire/train/nofire_0467.jpg,./nofire/train/0481.png,0,29,70
./nofire/train/nofire_0239.jpg,./nofire/train/0255.png,0,23,61
./nofire/train/nofire_0348.jpg,./nofire/train/0358.png,0,27,55
./fire/train/fire_0458.jpg,./fire/train/0479.png,1,49,13
./fire/train/fire_0396.jpg,./fire/train/0416.png,1,50,28
./nofire/train/nofire_0020.jpg,./nofire/train/0021.png,0,21,66
./nofire/train/nofire_0527.jpg,./nofire/train/0543.png,0,26,50
./fire/train/fire_0638.jpg,./fire/train/0638.png,1,48,26
./fire/train/fire_0081.jpg,./fire/train/0097.png,1,37,12
./nofire/train/nofire_0653.jpg,./nofire/train/0667.png,0,24,54
./nofire/train/nofire_0551.jpg,./nofire/train/0564.png,0,26,64
./fire/train/fire_0463.jpg,./fire/train/0483.png,1,44,12
./nofire/train/nofire_0858.jpg,./nofire/train/0863.png,0,24,53
./fire/train/fire_0823.jpg,./fire/train/0827.png,1,44,35
./fire/train/fire_0386.jpg,./fire/train/0408.png,1,39,29
./fire/train/fire_0869.jpg,./fire/train/0872.png,1,46,27
./fire/train/fire_0776.jpg,./fire/train/0780.png,1,36,25
./fire/train/fire_0180.jpg,./fire/train/0193.png,1,46,27
./nofire/train/nofire_0426.jpg,./nofire/train/0438.png,0,26,50
./nofire/train/nofire_0695.jpg,./nofire/train/0708.png,0,24,70
./nofire/train/nofire_0410.jpg,./nofire/train/0421.png,0,24,58
./fire/train/fire_0086.jpg,./fire/train/0104.png,1,50,27
./nofire/train/nofire_0541.jpg,./nofire/train/0555.png,0,25,55
./nofire/train/nofire_0890.jpg,./nofire/train/0893.png,0,20,68
./fire/train/fire_0140.jpg,./fire/train/0158.png,1,35,37
./nofire/train/nofire_0688.jpg,./nofire/train/0701.png,0,28,60
./nofire/train/nofire_0425.jpg,./nofire/train/0437.png,0,28,63
./fire/train/fire_0279.jpg,./fire/train/0292.png,1,45,40
./nofire/train/nofire_0345.jpg,./nofire/train/0356.png,0,30,56
./nofire/train/nofire_0231.jpg,./nofire/train/0246.png,0,23,51
./fire/train/fire_0194.jpg,./fire/train/0208.png,1,39,36
./nofire/train/nofire_0417.jpg,./nofire/train/0430.png,0,22,56
./nofire/train/nofire_0880.jpg,./nofire/train/0884.png,0,22,64
./nofire/train/nofire_0083.jpg,./nofire/train/0089.png,0,30,69
./fire/train/fire_0286.jpg,./fire/train/0298.png,1,46,29
./nofire/train/nofire_0606.jpg,./nofire/train/0621.png,0,24,68
./fire/train/fire_0309.jpg,./fire/train/0319.png,1,50,20
./fire/train/fire_0310.jpg,./fire/train/0320.png,1,39,36
./fire/train/fire_0701.jpg,./fire/train/0702.png,1,38,30
./fire/train/fire_0005.jpg,./fire/train/0006.png,1,44,25
./fire/train/fire_0787.jpg,./fire/train/0790.png,1,42,40
./fire/train/fire_0013.jpg,./fire/train/0016.png,1,37,35
./nofire/train/nofire_0359.jpg,./nofire/train/0369.png,0,21,62
./fire/train/fire_0057.jpg,./fire/train/0064.png,1,38,26
./fire/train/fire_0703.jpg,./fire/train/0705.png,1,36,39
./fire/train/fire_0559.jpg,./fire/train/0570.png,1,39,29
./nofire/train/nofire_0255.jpg,./nofire/train/0272.png,0,21,69
./fire/train/fire_0252.jpg,./fire/train/0269.png,1,39,13
./fire/train/fire_0527.jpg,./fire/train/0546.png,1,42,16
./nofire/train/nofire_0874.jpg,./nofire/train/0878.png,0,21,63
./nofire/train/nofire_0500.jpg,./nofire/train/0516.png,0,28,58
./fire/train/fire_0578.jpg,./fire/train/0586.png,1,46,36
./nofire/train/nofire_0123.jpg,./nofire/train/0139.png,0,23,68
./fire/train/fire_0772.jpg,./fire/train/0776.png,1,43,25
./fire/train/fire_0429.jpg,./fire/train/0453.png,1,49,15